Date,Message
1995-01-02T07:00:00.000+07:00,"404.27,404.27,394.59,401.59"
1995-01-09T07:00:00.000+07:00,"401.59,411.16,400.91,410.48"
1995-01-16T07:00:00.000+07:00,"410.48,419.98,408.73,410.13"
1995-01-23T07:00:00.000+07:00,"410.13,414.04,404.57,407.22"
1995-01-30T07:00:00.000+07:00,"407.22,419.01,401.08,416.14"
1995-02-06T07:00:00.000+07:00,"416.14,431.3,416.14,430.77"
1995-02-13T07:00:00.000+07:00,"430.77,433.44,425.33,425.66"
1995-02-20T07:00:00.000+07:00,"425.66,435.2,423.12,428.42"
1995-02-27T07:00:00.000+07:00,"428.42,436.89,424.04,436.68"
1995-03-06T07:00:00.000+07:00,"436.68,441.76,430.41,441.76"
1995-03-13T07:00:00.000+07:00,"441.75,447.75,440.29,443.94"
1995-03-20T07:00:00.000+07:00,"443.94,455.45,442.83,455.43"
1995-10-23T07:00:00.000+07:00,"587.84,597.56,572.49,593.53"
1995-10-30T07:00:00.000+07:00,"593.53,621.71,593.53,621.71"
1995-11-06T07:00:00.000+07:00,"621.71,623.53,591.2,613.61"
1995-11-13T07:00:00.000+07:00,"613.61,616.16,582.41,588.81"
1995-11-20T07:00:00.000+07:00,"588.81,593.73,562.5,578.32"
1995-11-27T07:00:00.000+07:00,"578.32,604.79,573.91,587.02"
1995-12-04T07:00:00.000+07:00,"586.93,604.13,579.76,599.38"
1995-12-11T07:00:00.000+07:00,"599.38,602.39,560.35,563.28"
1995-12-18T07:00:00.000+07:00,"563.28,585.44,540.97,585.18"
1995-12-25T07:00:00.000+07:00,"585.18,587.81,569.45,576.23"
1996-01-01T07:00:00.000+07:00,"576.23,586.32,552.18,565.14"
1996-01-08T07:00:00.000+07:00,"565.14,568.23,527.22,552.71"
1996-01-15T07:00:00.000+07:00,"552.75,566.12,526.8,564.64"
1996-01-22T07:00:00.000+07:00,"564.64,584.56,563.68,577.05"
1996-01-29T07:00:00.000+07:00,"577.05,606.6,574.45,601.42"
1996-02-05T07:00:00.000+07:00,"601.5,629.4,600.67,623.01"
1996-02-12T07:00:00.000+07:00,"623.01,629.01,612.04,619.04"
1996-02-19T07:00:00.000+07:00,"619.04,647.34,611.73,642.59"
1996-02-26T07:00:00.000+07:00,"642.59,645.24,601.04,604.76"
1996-03-04T07:00:00.000+07:00,"604.76,617.22,585.33,591.71"
1996-03-11T07:00:00.000+07:00,"591.71,622.68,591.71,621.71"
1996-03-18T07:00:00.000+07:00,"621.71,637.92,605.87,612.88"
1996-03-25T07:00:00.000+07:00,"612.88,617.75,591.35,609.69"
1996-04-01T06:00:00.000+07:00,"609.69,620.59,609.69,618"
1996-04-08T06:00:00.000+07:00,"618,619.95,597.42,605.05"
1996-04-15T06:00:00.000+07:00,"605.05,638.72,605.05,633.01"
1996-04-22T06:00:00.000+07:00,"633.01,669.74,633.01,666.65"
1996-04-29T06:00:00.000+07:00,"666.65,673.88,656.62,661.07"
1996-05-06T06:00:00.000+07:00,"661.07,672.59,646.02,672.54"
1996-05-13T06:00:00.000+07:00,"672.54,700.65,672.54,690.81"
1996-05-20T06:00:00.000+07:00,"690.81,696.83,684.16,688.91"
1996-05-27T06:00:00.000+07:00,"688.91,694.27,674.65,692.39"
1996-06-03T06:00:00.000+07:00,"692.39,704.09,673.32,691.46"
1996-06-10T06:00:00.000+07:00,"691.46,702.14,681.07,681.13"
1996-06-17T06:00:00.000+07:00,"681.14,684.26,648.93,672.53"
1996-06-24T06:00:00.000+07:00,"672.53,681.69,651.72,677.3"
1996-07-01T06:00:00.000+07:00,"677.4,687.95,657.68,657.68"
1996-07-08T06:00:00.000+07:00,"657.68,665.12,625.09,635.06"
1996-07-15T06:00:00.000+07:00,"635.06,644.11,572.79,633.05"
1996-07-22T06:00:00.000+07:00,"633.05,633.68,577.81,633.39"
1996-07-29T06:00:00.000+07:00,"633.39,670.59,617.68,667.84"
1996-08-05T06:00:00.000+07:00,"667.84,682.48,655.27,678.31"
1996-08-12T06:00:00.000+07:00,"678.31,681.92,666.57,672.28"
1996-08-19T06:00:00.000+07:00,"672.28,685.15,658.47,677.57"
1996-08-26T06:00:00.000+07:00,"677.57,681.41,663.17,663.57"
1996-09-02T06:00:00.000+07:00,"663.57,672.34,650.48,664.22"
1996-09-09T06:00:00.000+07:00,"664.22,707.91,663.53,707.86"
1996-09-16T06:00:00.000+07:00,"707.86,745.6,706.65,743.42"
1996-09-23T06:00:00.000+07:00,"743.42,757.83,731.3,744.73"
1996-09-30T06:00:00.000+07:00,"744.73,759.13,727.14,759.12"
1996-10-07T06:00:00.000+07:00,"759.12,770.74,749.1,765.64"
1996-10-14T06:00:00.000+07:00,"765.64,786.75,751.6,756.83"
1996-10-21T06:00:00.000+07:00,"756.83,764.64,730.55,743.55"
1996-10-28T07:00:00.000+07:00,"743.55,758.56,730.45,755.51"
1996-11-04T07:00:00.000+07:00,"755.51,800.87,751.45,798.66"
1996-11-11T07:00:00.000+07:00,"798.66,814.31,790.11,799.44"
1996-11-18T07:00:00.000+07:00,"799.43,819.05,787.71,818.51"
1996-11-25T07:00:00.000+07:00,"818.51,836.15,811.67,834.01"
1996-12-02T07:00:00.000+07:00,"834.01,855.79,805.07,827.21"
1996-12-09T07:00:00.000+07:00,"827.21,873,825.49,828.45"
1996-12-16T07:00:00.000+07:00,"828.45,853.19,798.13,834.05"
1996-12-23T07:00:00.000+07:00,"834.05,845.05,821.43,835.19"
1996-12-30T07:00:00.000+07:00,"835.19,848.18,806.17,848.08"
1997-01-06T07:00:00.000+07:00,"848.52,867.37,844.43,865.58"
1997-01-13T07:00:00.000+07:00,"865.59,886.38,861.55,883.44"
1997-01-20T07:00:00.000+07:00,"883.44,938.11,883.44,898.37"
1997-01-27T07:00:00.000+07:00,"898.37,926.01,884.17,921.55"
1997-02-03T07:00:00.000+07:00,"921.55,928.31,875.98,899.84"
1997-02-10T07:00:00.000+07:00,"899.84,912.28,856.04,899.91"
1997-02-17T07:00:00.000+07:00,"899.91,903.6,862,864.3"
1997-02-24T07:00:00.000+07:00,"864.3,892.25,835.87,850.46"
1997-03-03T07:00:00.000+07:00,"850.46,874.28,837.01,841.03"
1997-03-10T07:00:00.000+07:00,"841.03,858.5,831.83,838.98"
1997-03-17T07:00:00.000+07:00,"838.97,838.97,798.25,812.73"
1997-03-24T07:00:00.000+07:00,"812.73,843.35,784.54,818.74"
1997-03-31T06:00:00.000+07:00,"818.74,823.9,779.17,822.4"
1997-04-07T06:00:00.000+07:00,"822.4,849.79,789.8,789.97"
1997-04-14T06:00:00.000+07:00,"789.97,828.37,785.08,816.43"
1997-04-21T06:00:00.000+07:00,"816.35,853.69,793.13,818.57"
1997-04-28T06:00:00.000+07:00,"818.57,909.56,812.25,909.49"
1997-05-05T06:00:00.000+07:00,"909.49,932.89,903.41,919.14"
1997-05-12T06:00:00.000+07:00,"919.14,932.4,900.24,915.29"
1997-05-19T06:00:00.000+07:00,"915.29,961.48,908.72,959.08"
1997-05-26T06:00:00.000+07:00,"959.08,988.4,907.18,958.85"
1997-06-02T06:00:00.000+07:00,"958.85,967.9,917.34,944.98"
1997-06-09T06:00:00.000+07:00,"945.01,971.18,931.43,964.4"
1997-06-16T06:00:00.000+07:00,"964.4,991.85,962.54,981.41"
1997-06-23T06:00:00.000+07:00,"981.41,993.16,961.67,963.01"
1997-06-30T06:00:00.000+07:00,"963.07,990.53,947.78,986.52"
1997-07-07T06:00:00.000+07:00,"986.52,1019.18,986.52,1015.62"
1997-07-14T06:00:00.000+07:00,"1015.62,1108.12,1015.62,1070.99"
1997-07-21T06:00:00.000+07:00,"1070.99,1106.7,1051.03,1085.39"
1997-07-28T06:00:00.000+07:00,"1085.39,1113.99,1069.25,1108.94"
1997-08-04T06:00:00.000+07:00,"1108.95,1151.82,1104.48,1115.02"
1997-08-11T06:00:00.000+07:00,"1115.02,1116.97,1076.64,1076.67"
1997-08-18T06:00:00.000+07:00,"1076.65,1145.27,1060.88,1110.91"
1997-08-25T06:00:00.000+07:00,"1110.91,1121.81,1064.57,1074.17"
1997-09-01T06:00:00.000+07:00,"1074.17,1119.85,1074.17,1111.15"
1997-09-08T06:00:00.000+07:00,"1117.06,1128.99,1082.83,1106.07"
1997-09-15T06:00:00.000+07:00,"1106.07,1122.4,1080.23,1118.68"
1997-09-22T06:00:00.000+07:00,"1118.68,1139.7,1102.11,1106.82"
1997-09-29T06:00:00.000+07:00,"1106.82,1135.19,1089.36,1124.44"
1997-10-06T06:00:00.000+07:00,"1124.44,1153.89,1121.24,1137.77"
1997-10-13T06:00:00.000+07:00,"1137.77,1146.12,1058.96,1075.12"
1997-10-20T06:00:00.000+07:00,"1075.12,1114.46,1046.77,1057.34"
1997-10-27T07:00:00.000+07:00,"1057.34,1057.35,925.92,1019.62"
1997-11-03T07:00:00.000+07:00,"1019.62,1057.9,1010.32,1028.32"
1997-11-10T07:00:00.000+07:00,"1028.32,1040.05,971.61,1027.85"
1997-11-17T07:00:00.000+07:00,"1027.85,1073.97,1027.85,1056.59"
1997-11-24T07:00:00.000+07:00,"1056.59,1056.59,1026.17,1050.51"
1997-12-01T07:00:00.000+07:00,"1050.51,1079.47,1036.73,1070.27"
1997-12-08T07:00:00.000+07:00,"1070.27,1085.35,974.15,978.49"
1997-12-15T07:00:00.000+07:00,"978.49,1011.96,937.69,969.9"
1997-12-22T07:00:00.000+07:00,"969.89,990.81,937.22,954.07"
1997-12-29T07:00:00.000+07:00,"954.07,1008.23,954.07,1008.23"
1998-01-05T07:00:00.000+07:00,"1008.23,1028.62,950.65,956.19"
1998-01-12T07:00:00.000+07:00,"956.19,1008.62,933.01,1005.87"
1998-01-19T07:00:00.000+07:00,"1005.87,1029.79,1005.87,1024.47"
1998-01-26T07:00:00.000+07:00,"1024.47,1082.08,1009.68,1071.13"
1998-02-02T07:00:00.000+07:00,"1071.13,1143.49,1071.13,1134.32"
1998-02-09T07:00:00.000+07:00,"1134.32,1146.28,1119.44,1136.69"
1998-02-16T07:00:00.000+07:00,"1136.64,1163.84,1125.77,1159.73"
1998-02-23T07:00:00.000+07:00,"1159.73,1213.09,1159.73,1194.13"
1998-03-02T07:00:00.000+07:00,"1194.13,1204.12,1123.86,1163.11"
1998-03-09T07:00:00.000+07:00,"1163.11,1180.96,1127.71,1169.29"
1998-03-16T07:00:00.000+07:00,"1169.37,1190.88,1157.34,1169.43"
1998-03-23T07:00:00.000+07:00,"1169.43,1230.92,1162.93,1211.64"
1998-03-30T06:00:00.000+07:00,"1211.64,1240.28,1201.17,1233.66"
1998-04-06T06:00:00.000+07:00,"1233.66,1234.42,1172.87,1196.9"
1998-04-13T06:00:00.000+07:00,"1196.99,1237.9,1184.1,1231.25"
1998-04-20T06:00:00.000+07:00,"1231.25,1310.1,1230.9,1250.14"
1998-04-27T06:00:00.000+07:00,"1250.14,1256.14,1205.27,1251.53"
1998-05-04T06:00:00.000+07:00,"1251.53,1268.03,1217.03,1254.03"
1998-05-11T06:00:00.000+07:00,"1254.03,1280.28,1230.58,1249.49"
1998-05-18T06:00:00.000+07:00,"1249.49,1259.57,1210.51,1214.13"
1998-05-25T06:00:00.000+07:00,"1214.13,1226.79,1180.23,1192.07"
1998-06-01T06:00:00.000+07:00,"1192.07,1207.73,1160.13,1206.7"
1998-06-08T06:00:00.000+07:00,"1206.7,1224.4,1157.88,1186.99"
1998-06-15T06:00:00.000+07:00,"1186.99,1242.54,1169.14,1239.71"
1998-06-22T06:00:00.000+07:00,"1239.71,1347.44,1234.18,1320.94"
1998-06-29T06:00:00.000+07:00,"1320.94,1356.16,1320.94,1332.53"
1998-07-06T06:00:00.000+07:00,"1332.53,1397.26,1326.07,1391.11"
1998-07-13T06:00:00.000+07:00,"1391.11,1466.13,1391.11,1463.97"
1998-07-20T06:00:00.000+07:00,"1463.97,1485.97,1385.86,1408.6"
1998-07-27T06:00:00.000+07:00,"1408.6,1433.71,1370.97,1377.26"
1998-08-03T06:00:00.000+07:00,"1377.26,1388.56,1289.91,1364.07"
1998-08-10T06:00:00.000+07:00,"1364.08,1375.41,1316.08,1330.04"
1998-08-17T06:00:00.000+07:00,"1330.04,1421.4,1322.19,1374.77"
1998-08-24T06:00:00.000+07:00,"1374.77,1398.77,1249.49,1265.04"
1998-08-31T06:00:00.000+07:00,"1265.04,1278.82,1118.12,1205.41"
1998-09-07T06:00:00.000+07:00,"1205.41,1299.5,1205.41,1290.2"
1998-09-14T06:00:00.000+07:00,"1290.2,1336.52,1283.08,1300.7"
1998-09-21T06:00:00.000+07:00,"1300.7,1402.75,1259.3,1390.09"
1998-09-28T06:00:00.000+07:00,"1390.09,1413.16,1228.7,1276.44"
1998-10-05T06:00:00.000+07:00,"1267.49,1267.49,1063.27,1197.87"
1998-10-12T06:00:00.000+07:00,"1198.42,1318.33,1172.08,1293.91"
1998-10-19T06:00:00.000+07:00,"1293.91,1360.81,1282.83,1340.6"
1998-10-26T07:00:00.000+07:00,"1340.6,1414.6,1339.39,1400.52"
1998-11-02T07:00:00.000+07:00,"1400.52,1460.12,1395.43,1458.34"
1998-11-09T07:00:00.000+07:00,"1458.34,1504.51,1446.99,1465.22"
1998-11-16T07:00:00.000+07:00,"1465.22,1554.96,1457.47,1544.22"
1998-11-23T07:00:00.000+07:00,"1544.22,1628.86,1544.22,1628.35"
1998-11-30T07:00:00.000+07:00,"1628.38,1641.28,1535.18,1630.01"
1998-12-07T07:00:00.000+07:00,"1630.01,1699.04,1630.01,1675.01"
1998-12-14T07:00:00.000+07:00,"1674.68,1735.62,1607.53,1735"
1998-12-21T07:00:00.000+07:00,"1735.6,1818.96,1735.6,1806.04"
1998-12-28T07:00:00.000+07:00,"1806.04,1848.36,1802.86,1836.01"
1999-01-04T07:00:00.000+07:00,"1836.01,2008.26,1833.43,1973.66"
1999-01-11T07:00:00.000+07:00,"1973.66,2007.1,1838.65,1981.62"
1999-01-18T07:00:00.000+07:00,"1981.62,2096.27,1926.7,1964.21"
1999-01-25T07:00:00.000+07:00,"1964.21,2128.19,1951.29,2127.19"
1999-02-01T07:00:00.000+07:00,"2127.19,2150.83,1963.8,1988.69"
1999-02-08T07:00:00.000+07:00,"1988.55,2045.08,1924.53,1958.6"
1999-02-15T07:00:00.000+07:00,"1958.6,2004.64,1864.9,1931.59"
1999-02-22T07:00:00.000+07:00,"1931.65,2055.82,1914.7,1925.28"
1999-03-01T07:00:00.000+07:00,"1925.97,1985.54,1870.37,1969.87"
1999-03-08T07:00:00.000+07:00,"1969.87,2070.24,1969.87,2008.96"
1999-03-15T07:00:00.000+07:00,"2009.36,2121.56,1999.23,2053.69"
1999-03-22T07:00:00.000+07:00,"2053.69,2096.22,1943.92,2067.3"
1999-03-29T06:00:00.000+07:00,"2067.3,2168.69,2067.3,2146.13"
1999-04-05T06:00:00.000+07:00,"2146.13,2251.29,2146.13,2232.47"
1999-04-12T06:00:00.000+07:00,"2232.47,2240.3,2053.72,2086.46"
1999-04-19T06:00:00.000+07:00,"2086.46,2224.4,1952.36,2210.44"
1999-04-26T06:00:00.000+07:00,"2210.45,2283.55,2081.67,2136.39"
1999-05-03T06:00:00.000+07:00,"2136.39,2170.52,2047.77,2117.73"
1999-05-10T06:00:00.000+07:00,"2117.73,2239.86,2109.9,2125.15"
1999-05-17T06:00:00.000+07:00,"2125.15,2193.45,2099.73,2114.4"
1999-05-24T06:00:00.000+07:00,"2114.4,2123.47,1960.55,2089.7"
1999-05-31T06:00:00.000+07:00,"2089.7,2109.47,1987.4,2109.41"
1999-06-07T06:00:00.000+07:00,"2109.41,2158.8,2057.19,2062.29"
1999-06-14T06:00:00.000+07:00,"2062.29,2206.2,2020.38,2205.46"
1999-06-21T06:00:00.000+07:00,"2205.46,2280.31,2174.11,2185.76"
1999-06-28T06:00:00.000+07:00,"2185.76,2348.22,2185.76,2347.88"
1999-07-05T06:00:00.000+07:00,"2347.88,2393.36,2317.38,2393.02"
1999-07-12T06:00:00.000+07:00,"2393.02,2466.8,2352.52,2459.48"
1999-07-19T06:00:00.000+07:00,"2459.5,2468.42,2270,2302.02"
1999-07-26T06:00:00.000+07:00,"2302.02,2338.01,2233.15,2270.93"
1999-08-02T06:00:00.000+07:00,"2270.93,2307.55,2148.23,2212.15"
1999-08-09T06:00:00.000+07:00,"2212.15,2307.13,2120.26,2307.06"
1999-08-16T06:00:00.000+07:00,"2307.06,2351,2270.96,2315.07"
1999-08-23T06:00:00.000+07:00,"2315.07,2467.46,2315.07,2402.57"
1999-08-30T06:00:00.000+07:00,"2402.57,2506.75,2326.99,2506.69"
1999-09-06T06:00:00.000+07:00,"2506.69,2548.55,2453.44,2534.61"
1999-09-13T06:00:00.000+07:00,"2533.36,2539.26,2413.02,2536.91"
1999-09-20T06:00:00.000+07:00,"2541.16,2551.66,2345.22,2399.58"
1999-09-27T06:00:00.000+07:00,"2401.27,2453.94,2358.22,2404.45"
1999-10-04T06:00:00.000+07:00,"2406.45,2558.1,2406.45,2555.36"
1999-10-11T06:00:00.000+07:00,"2556.86,2586.33,2382.24,2403.81"
1999-10-18T06:00:00.000+07:00,"2401.2,2523.61,2299.95,2485.9"
1999-10-25T06:00:00.000+07:00,"2488.16,2651.12,2423.29,2637.44"
1999-11-01T07:00:00.000+07:00,"2637.04,2765.56,2612.39,2755.7"
1999-11-08T07:00:00.000+07:00,"2732.53,2889.7,2725.2,2888.91"
1999-11-15T07:00:00.000+07:00,"2891.58,3034.78,2869.45,3028.84"
1999-11-22T07:00:00.000+07:00,"3028.51,3151.77,2975.71,3116.62"
1999-11-29T07:00:00.000+07:00,"3114.88,3209.93,2956.79,3172.37"
1999-12-06T07:00:00.000+07:00,"3172.31,3223.63,3093.98,3203.28"
1999-12-13T07:00:00.000+07:00,"3198.35,3434.22,3121.32,3359.86"
1999-12-20T07:00:00.000+07:00,"3361.97,3625.58,3351.53,3590.28"
1999-12-27T07:00:00.000+07:00,"3588.43,3750.41,3521.85,3707.83"
2000-01-03T07:00:00.000+07:00,"3755.74,3836.86,3314.75,3529.6"
2000-01-10T07:00:00.000+07:00,"3558.21,3756.17,3447.9,3704.74"
2000-01-17T07:00:00.000+07:00,"3704.74,3891.81,3665.87,3849.96"
2000-01-24T07:00:00.000+07:00,"3888.33,3905.1,3409.59,3446.13"
2000-01-31T07:00:00.000+07:00,"3438.09,3929.81,3349.06,3874.37"
2000-02-07T07:00:00.000+07:00,"3873.43,4090.07,3858.89,3968.89"
2000-02-14T07:00:00.000+07:00,"3969.95,4135.6,3848.37,3965.75"
2000-02-21T07:00:00.000+07:00,"3970.53,4297.46,3856.02,4178.58"
2000-02-28T07:00:00.000+07:00,"4178.58,4442.87,4024.08,4442.87"
2000-03-06T07:00:00.000+07:00,"4448.48,4659.72,4266.87,4587.16"
2000-03-13T07:00:00.000+07:00,"4585.16,4585.16,4049.98,4440.45"
2000-03-20T07:00:00.000+07:00,"4443.35,4816.35,4155.34,4691.61"
2000-03-27T06:00:00.000+07:00,"4687.6,4781.19,4151.12,4397.84"
2000-04-03T06:00:00.000+07:00,"4355.7,4355.7,3525.44,4291.53"
2000-04-10T06:00:00.000+07:00,"4293.63,4308.62,3138.42,3205.7"
2000-04-17T06:00:00.000+07:00,"3194.5,3753.45,3107.42,3505.29"
2000-04-24T06:00:00.000+07:00,"3448.23,3790.78,3200.9,3773.18"
2000-05-01T06:00:00.000+07:00,"3789.2,3871.93,3435.3,3688.36"
2000-05-08T06:00:00.000+07:00,"3688.36,3688.36,3234.96,3406.25"
2000-05-15T06:00:00.000+07:00,"3404.56,3653.76,3259.18,3260.64"
2000-05-22T06:00:00.000+07:00,"3261.47,3298.46,2897.27,3101.44"
2000-05-29T06:00:00.000+07:00,"3101.43,3759.81,3101.43,3755.67"
2000-06-05T06:00:00.000+07:00,"3742.28,3817.25,3599.53,3760.26"
2000-06-12T06:00:00.000+07:00,"3761.15,3817.85,3582.52,3787.36"
2000-06-19T06:00:00.000+07:00,"3787.36,3990.21,3669.4,3685.3"
2000-06-26T06:00:00.000+07:00,"3685.3,3840.54,3634.03,3763.79"
2000-07-03T06:00:00.000+07:00,"3763.79,3884.84,3610.27,3841.27"
2000-07-10T06:00:00.000+07:00,"3841.51,4051.9,3720.02,4041.15"
2000-07-17T06:00:00.000+07:00,"4041.15,4089.04,3835.12,3908.75"
2000-07-24T06:00:00.000+07:00,"3908.75,3966.83,3452.95,3477.31"
2000-07-31T06:00:00.000+07:00,"3477.53,3715.57,3341.83,3618.63"
2000-08-07T06:00:00.000+07:00,"3618.63,3780.43,3521.53,3644.61"
2000-08-14T06:00:00.000+07:00,"3644.63,3868.74,3616.71,3807.51"
2000-08-21T06:00:00.000+07:00,"3809.86,3986.73,3760.12,3931.25"
2000-08-28T06:00:00.000+07:00,"3933.33,4147.19,3921.49,4099.3"
2000-09-04T06:00:00.000+07:00,"4085.89,4085.89,3811.6,3813.44"
2000-09-11T06:00:00.000+07:00,"3813.44,3852.45,3610.65,3676.33"
2000-09-18T06:00:00.000+07:00,"3676.33,3810.3,3505.18,3701.18"
2000-09-25T06:00:00.000+07:00,"3753.31,3774.78,3533.67,3571.9"
2001-01-01T07:00:00.000+07:00,"2341.28,2547.04,2087.32,2267.85"
2001-01-08T07:00:00.000+07:00,"2245.44,2591.55,2151.16,2506.05"
2001-01-15T07:00:00.000+07:00,"2502.66,2740.76,2432.87,2655.68"
2001-01-22T07:00:00.000+07:00,"2639.61,2771.63,2526.55,2631.78"
2001-01-29T07:00:00.000+07:00,"2601.67,2718.51,2471.51,2472.18"
2001-02-05T07:00:00.000+07:00,"2447.72,2531.05,2247.52,2261.77"
2001-02-12T07:00:00.000+07:00,"2247.2,2423.65,2173.42,2212.51"
2001-02-19T07:00:00.000+07:00,"2229.91,2235.74,1935.21,2056.06"
2001-02-26T07:00:00.000+07:00,"2088.03,2103.63,1837.85,1881.34"
2001-03-05T07:00:00.000+07:00,"1908.62,2029.01,1802.91,1813.02"
2001-03-12T07:00:00.000+07:00,"1758.06,1813.68,1627.8,1647.51"
2001-03-19T07:00:00.000+07:00,"1659.7,1754.65,1582.48,1705.02"
2001-03-26T06:00:00.000+07:00,"1735.53,1751.14,1530.14,1573.25"
2001-04-02T06:00:00.000+07:00,"1569.66,1594.36,1348.52,1448.16"
2001-04-09T06:00:00.000+07:00,"1472.81,1714.69,1437.85,1714.29"
2001-04-16T06:00:00.000+07:00,"1682.17,1981.9,1603.99,1933.57"
2001-04-23T06:00:00.000+07:00,"1881.52,1881.54,1743.45,1810.47"
2001-04-30T06:00:00.000+07:00,"1855.9,1980.13,1810.86,1923.81"
2001-05-07T06:00:00.000+07:00,"1924.68,1948.02,1810.89,1821.2"
2001-05-14T06:00:00.000+07:00,"1819.39,1955.77,1768.62,1927.69"
2001-05-21T06:00:00.000+07:00,"1931.29,2070.61,1927.04,1960.74"
2001-05-28T06:00:00.000+07:00,"1946.57,1946.57,1768.98,1840.83"
2001-06-04T06:00:00.000+07:00,"1861.12,1963.83,1819.08,1896.22"
2001-06-11T06:00:00.000+07:00,"1885.17,1885.17,1657.65,1701.53"
2001-06-18T06:00:00.000+07:00,"1712.04,1774.25,1655.26,1727.47"
2001-06-25T06:00:00.000+07:00,"1752.71,1865.36,1705.93,1830.19"
2001-07-02T06:00:00.000+07:00,"1831.42,1864.2,1666.62,1668.59"
2001-07-09T06:00:00.000+07:00,"1680.88,1782.52,1600.19,1751.11"
2001-07-16T06:00:00.000+07:00,"1743.09,1758.93,1652,1676.46"
2001-07-23T06:00:00.000+07:00,"1695.2,1699.44,1580.57,1683.18"
2001-07-30T06:00:00.000+07:00,"1689.21,1766.58,1662.67,1725.9"
2001-08-06T06:00:00.000+07:00,"1705.88,1718.59,1576.07,1617.45"
2001-08-13T06:00:00.000+07:00,"1627.34,1672.07,1514,1516.58"
2001-08-20T06:00:00.000+07:00,"1518.19,1579.68,1467.58,1579.62"
2001-08-27T06:00:00.000+07:00,"1576.16,1601.97,1438.91,1469.7"
2001-09-03T06:00:00.000+07:00,"1466.32,1502.67,1339.89,1354.27"
2001-09-10T06:00:00.000+07:00,"1342.08,1375.6,1339.41,1365.39"
2001-09-17T06:00:00.000+07:00,"1277.12,1310.23,1088.96,1126.95"
2001-09-24T06:00:00.000+07:00,"1166.72,1255.94,1101.39,1168.37"
2001-10-01T06:00:00.000+07:00,"1161.74,1313.64,1131.32,1271.73"
2001-10-08T06:00:00.000+07:00,"1249.32,1396.29,1235.42,1393.84"
2001-10-15T06:00:00.000+07:00,"1370.2,1440.63,1302.53,1347.59"
2001-10-22T06:00:00.000+07:00,"1340.96,1487.4,1333.62,1454.9"
2001-10-29T07:00:00.000+07:00,"1445.64,1450.68,1320.48,1425.78"
2001-11-05T07:00:00.000+07:00,"1453.94,1580.59,1453.75,1514.96"
2001-11-12T07:00:00.000+07:00,"1511.77,1614.77,1463.12,1582.14"
2001-11-19T07:00:00.000+07:00,"1597.8,1618.19,1526.08,1577.47"
2001-11-26T07:00:00.000+07:00,"1590.05,1644.38,1557.03,1596.05"
2001-12-03T07:00:00.000+07:00,"1576.26,1734.58,1562.73,1673.9"
2001-12-10T07:00:00.000+07:00,"1658.47,1695.15,1590.71,1605.67"
2001-12-17T07:00:00.000+07:00,"1607.08,1665.39,1557.18,1578.27"
2001-12-24T07:00:00.000+07:00,"1581.16,1637.57,1575.01,1621.13"
2001-12-31T07:00:00.000+07:00,"1617.35,1698.46,1565.08,1675.03"
2002-01-07T07:00:00.000+07:00,"1691.36,1710.23,1627.42,1634.17"
2002-01-14T07:00:00.000+07:00,"1624.91,1633.12,1537.99,1548.22"
2002-01-21T07:00:00.000+07:00,"1567.59,1586.34,1500.89,1558.26"
2002-01-28T07:00:00.000+07:00,"1573.39,1582.65,1481.46,1528.15"
2002-02-04T07:00:00.000+07:00,"1526.32,1528.3,1405.79,1452.17"
2002-02-11T07:00:00.000+07:00,"1451.13,1508.25,1432.96,1436.7"
2002-02-18T07:00:00.000+07:00,"1421.07,1424.04,1329.93,1356.16"
2002-02-25T07:00:00.000+07:00,"1366.44,1435.81,1356.04,1435.41"
2002-03-04T07:00:00.000+07:00,"1434.69,1562.97,1422.22,1555.11"
2002-03-11T07:00:00.000+07:00,"1542.09,1573.42,1470.49,1495.41"
2002-03-18T07:00:00.000+07:00,"1511.83,1523.27,1443.17,1470.1"
2002-03-25T07:00:00.000+07:00,"1473.62,1481.97,1423.03,1452.81"
2002-04-01T06:00:00.000+07:00,"1440.38,1481.74,1375.63,1376.72"
2002-04-08T06:00:00.000+07:00,"1346.77,1405.1,1322.25,1351.85"
2002-04-15T06:00:00.000+07:00,"1358.76,1426.01,1336.42,1385.01"
2002-04-22T06:00:00.000+07:00,"1365.34,1365.34,1250.82,1250.89"
2002-04-29T06:00:00.000+07:00,"1256.58,1292.19,1185.79,1190.74"
2002-05-06T06:00:00.000+07:00,"1191.53,1282.44,1142.25,1188.78"
2002-05-13T06:00:00.000+07:00,"1200.69,1350.54,1192.9,1325.8"
2002-05-20T06:00:00.000+07:00,"1309.83,1313.26,1233.78,1253.03"
2002-05-27T06:00:00.000+07:00,"1264.13,1264.86,1202.24,1208.34"
2002-06-03T06:00:00.000+07:00,"1205.2,1213.18,1106.61,1140.24"
2002-06-10T06:00:00.000+07:00,"1142.51,1155.76,1055.57,1109.6"
2002-06-17T06:00:00.000+07:00,"1126.54,1163.46,1031.95,1035.63"
2002-06-24T06:00:00.000+07:00,"1023.06,1075.63,979.87,1051.41"
2002-07-01T06:00:00.000+07:00,"1044.48,1061.05,950.33,1060.89"
2002-07-08T06:00:00.000+07:00,"1051.27,1066.28,945.85,1000.82"
2002-07-15T06:00:00.000+07:00,"990.98,1060.77,955.29,965.45"
2002-07-22T06:00:00.000+07:00,"958.34,980.64,869.17,910.91"
2002-07-29T06:00:00.000+07:00,"935.05,992.34,878.48,892.51"
2002-08-05T06:00:00.000+07:00,"889.49,953.38,856.35,937.33"
2002-08-12T06:00:00.000+07:00,"925.68,1004.22,904.47,996.06"
2002-08-19T06:00:00.000+07:00,"997.39,1052.49,993.46,1010.49"
2002-08-26T06:00:00.000+07:00,"1017.62,1021.66,926.61,942.38"
2002-09-02T06:00:00.000+07:00,"928.5,932.96,882.85,922.22"
2002-09-09T06:00:00.000+07:00,"913.68,978.46,901.13,923.83"
2002-09-16T06:00:00.000+07:00,"919.1,932.91,864.13,871.6"
2002-09-23T06:00:00.000+07:00,"860.99,897.45,830.21,860.35"
2002-09-30T06:00:00.000+07:00,"848.72,882.77,809.94,815.4"
2002-10-07T06:00:00.000+07:00,"813.06,899.46,795.25,890.61"
2002-10-14T06:00:00.000+07:00,"878.75,957.16,876.21,956.13"
2002-10-21T06:00:00.000+07:00,"945.86,998.54,937.55,995.55"
2002-10-28T07:00:00.000+07:00,"1007.72,1020.59,941.17,1019.06"
2002-11-04T07:00:00.000+07:00,"1049.49,1070.51,1004.04,1008.44"
2002-11-11T07:00:00.000+07:00,"1004.41,1062.86,972.34,1061.28"
2002-11-18T07:00:00.000+07:00,"1073.89,1122.51,1019.07,1116.01"
2002-11-25T07:00:00.000+07:00,"1118.01,1134.6,1083.86,1116.1"
2002-12-02T07:00:00.000+07:00,"1144.21,1155.68,1035.55,1065.97"
2002-12-09T07:00:00.000+07:00,"1054.87,1055.36,1005.85,1005.85"
2002-12-16T07:00:00.000+07:00,"1011.89,1052.59,999.8,1013.51"
2002-12-23T07:00:00.000+07:00,"1012.46,1041.49,996.1,997.85"
2002-12-30T07:00:00.000+07:00,"999.39,1033.37,977.59,1031.63"
2003-01-06T07:00:00.000+07:00,"1034.02,1096.45,1034.02,1087.36"
2003-01-13T07:00:00.000+07:00,"1101.24,1104.32,1017.53,1017.58"
2003-01-20T07:00:00.000+07:00,"1022.94,1039.16,992.85,996.18"
2003-01-27T07:00:00.000+07:00,"985.08,1022.98,968.34,983.05"
2003-02-03T07:00:00.000+07:00,"987.37,999.16,951.67,957.05"
2003-02-10T07:00:00.000+07:00,"961.69,989.32,938.52,982.09"
2003-02-17T07:00:00.000+07:00,"990.21,1019.25,986.73,1015.92"
2003-02-24T07:00:00.000+07:00,"1009.14,1013.34,969.56,1009.74"
2003-03-03T07:00:00.000+07:00,"1015.87,1023.47,964.25,986.82"
2003-03-10T07:00:00.000+07:00,"977.95,1042.56,946.79,1030.45"
2003-03-17T07:00:00.000+07:00,"1021.97,1099.61,1018.76,1093.12"
2003-03-24T07:00:00.000+07:00,"1064.65,1075.43,1044.38,1046.72"
2003-03-31T06:00:00.000+07:00,"1028.43,1078.76,1014.96,1050.71"
2003-04-07T06:00:00.000+07:00,"1089.93,1091.74,1018.17,1026.15"
2003-04-14T06:00:00.000+07:00,"1028,1084.81,1025.8,1083.56"
2003-04-21T06:00:00.000+07:00,"1083.75,1115.67,1070.86,1083.19"
2003-04-28T06:00:00.000+07:00,"1086.58,1137.45,1084.77,1136.51"
2003-05-05T06:00:00.000+07:00,"1139.6,1161,1116.67,1143.55"
2003-05-12T06:00:00.000+07:00,"1141.08,1165.53,1133.89,1154.48"
2003-05-19T06:00:00.000+07:00,"1146.74,1152.59,1103.2,1130.05"
2003-05-26T06:00:00.000+07:00,"1123.66,1201.25,1123.25,1197.89"
2003-06-02T06:00:00.000+07:00,"1210.77,1265.69,1180.01,1213.11"
2003-06-09T06:00:00.000+07:00,"1206.95,1235.88,1188.04,1203.91"
2003-06-16T06:00:00.000+07:00,"1211.58,1255.39,1206.13,1223.13"
2003-06-23T06:00:00.000+07:00,"1220.19,1229.11,1186.53,1205.25"
2003-06-30T06:00:00.000+07:00,"1212.51,1250.62,1180.11,1231.34"
2003-07-07T06:00:00.000+07:00,"1250.03,1307.03,1250.03,1280.57"
2003-07-14T06:00:00.000+07:00,"1301.19,1316.42,1244.11,1259.91"
2003-07-21T06:00:00.000+07:00,"1256.12,1287.45,1232.16,1278.31"
2003-07-28T06:00:00.000+07:00,"1281.5,1298.81,1257.13,1264.34"
2003-08-04T06:00:00.000+07:00,"1263.62,1277.07,1204.29,1207.28"
2003-08-11T06:00:00.000+07:00,"1209.35,1257.46,1208.33,1253.63"
2003-08-18T06:00:00.000+07:00,"1258.18,1342.64,1256.9,1304.54"
2003-08-25T06:00:00.000+07:00,"1302.5,1344.74,1280.59,1341.2"
2003-09-01T06:00:00.000+07:00,"1347.64,1380.24,1333.29,1361.9"
2003-09-08T06:00:00.000+07:00,"1366.55,1387.45,1327.92,1357.63"
2003-09-15T06:00:00.000+07:00,"1359.97,1406.61,1345.94,1392.26"
2003-09-22T06:00:00.000+07:00,"1371.18,1388.67,1309.2,1309.31"
2003-09-29T06:00:00.000+07:00,"1318.33,1385.79,1302.26,1375.32"
2003-10-06T06:00:00.000+07:00,"1378.2,1418.09,1368.13,1404.87"
2003-10-13T06:00:00.000+07:00,"1412.37,1439.97,1392.08,1394.02"
2003-10-20T06:00:00.000+07:00,"1395.41,1424.8,1346.01,1370.61"
2003-10-27T07:00:00.000+07:00,"1378.95,1437.76,1369.38,1416.39"
2003-11-03T07:00:00.000+07:00,"1423.13,1453.46,1414.37,1436.73"
2003-11-10T07:00:00.000+07:00,"1435.87,1448.06,1401.45,1407.51"
2003-11-17T07:00:00.000+07:00,"1399.38,1405.94,1357.25,1373.32"
2003-11-24T07:00:00.000+07:00,"1385.2,1426.76,1385.2,1424.25"
2003-12-01T07:00:00.000+07:00,"1434.1,1452.03,1405.55,1406.91"
2003-12-08T07:00:00.000+07:00,"1406.02,1425.01,1372.87,1417.27"
2003-12-15T07:00:00.000+07:00,"1442.05,1442.65,1384.52,1426.17"
2003-12-22T07:00:00.000+07:00,"1422.79,1451.21,1419.82,1443.86"
2003-12-29T07:00:00.000+07:00,"1447.62,1479.59,1447.62,1463.57"
2004-01-05T07:00:00.000+07:00,"1474.55,1541.84,1474.19,1520.46"
2004-01-12T07:00:00.000+07:00,"1524.54,1553.64,1513.21,1553.62"
2004-01-19T07:00:00.000+07:00,"1558.89,1559.47,1519.74,1531.21"
2004-01-26T07:00:00.000+07:00,"1526.57,1553.66,1474.13,1493.08"
2004-02-02T07:00:00.000+07:00,"1497.78,1507.59,1461.01,1498.95"
2004-02-09T07:00:00.000+07:00,"1502.32,1516.21,1478.54,1484.47"
2004-02-16T07:00:00.000+07:00,"1498.7,1524.09,1470.92,1482.1"
2004-02-23T07:00:00.000+07:00,"1488.28,1489.4,1452.49,1470.38"
2004-03-01T07:00:00.000+07:00,"1476.04,1494.67,1456.87,1472.99"
2004-03-08T07:00:00.000+07:00,"1476.85,1481.19,1402.2,1431.4"
2004-03-15T07:00:00.000+07:00,"1423.15,1432.23,1394.11,1398.58"
2004-03-22T07:00:00.000+07:00,"1386.76,1431.23,1368.08,1415.39"
2004-03-29T06:00:00.000+07:00,"1429.54,1490.3,1429.09,1490.3"
2004-04-05T06:00:00.000+07:00,"1488.45,1508.37,1475.62,1485.51"
2004-04-12T06:00:00.000+07:00,"1489.59,1502.52,1440.56,1449.06"
2004-04-19T06:00:00.000+07:00,"1448.89,1497.17,1434.16,1497.01"
2004-04-26T06:00:00.000+07:00,"1496.67,1499.45,1401.36,1401.36"
2004-05-03T06:00:00.000+07:00,"1409.06,1438.49,1403.36,1406.19"
2004-05-10T06:00:00.000+07:00,"1395.21,1425.69,1378.64,1399.85"
2004-05-17T06:00:00.000+07:00,"1379.99,1427.51,1372.46,1408.17"
2004-05-24T06:00:00.000+07:00,"1418.77,1469.23,1406.2,1466.22"
2004-05-31T06:00:00.000+07:00,"1457.71,1474.1,1445.21,1455.04"
2004-06-07T06:00:00.000+07:00,"1465.56,1496,1464.01,1481.27"
2004-06-14T06:00:00.000+07:00,"1470.62,1487.83,1451.78,1464.65"
2004-06-21T06:00:00.000+07:00,"1467.98,1503.91,1448.82,1498.38"
2004-06-28T06:00:00.000+07:00,"1507.32,1523.48,1473.73,1481.19"
2004-07-05T06:00:00.000+07:00,"1470.47,1471.21,1430.81,1440"
2004-07-12T06:00:00.000+07:00,"1429.91,1439.78,1392.17,1392.17"
2004-07-19T06:00:00.000+07:00,"1398.92,1433.27,1370.7,1375.48"
2004-07-26T06:00:00.000+07:00,"1376.8,1412,1359.2,1400.39"
2004-08-02T06:00:00.000+07:00,"1390.21,1408.31,1314.97,1315.3"
2004-08-09T06:00:00.000+07:00,"1320.83,1346.71,1301.93,1307.82"
2004-08-16T06:00:00.000+07:00,"1309.5,1373.01,1309.5,1366.73"
2004-08-23T06:00:00.000+07:00,"1370.51,1393.23,1360.82,1388.56"
2004-08-30T06:00:00.000+07:00,"1383.12,1402.07,1354.1,1371.82"
2004-09-06T06:00:00.000+07:00,"1382.48,1414.55,1372.53,1413"
2004-09-13T06:00:00.000+07:00,"1417.84,1435.95,1412.54,1426.3"
2004-09-20T06:00:00.000+07:00,"1417.39,1440.81,1397.5,1399.05"
2004-09-27T06:00:00.000+07:00,"1389.94,1452.94,1376.99,1452.94"
2004-10-04T06:00:00.000+07:00,"1463.22,1474.7,1428.11,1430.96"
2004-10-11T06:00:00.000+07:00,"1435.54,1453.72,1416.29,1430.98"
2004-10-18T06:00:00.000+07:00,"1428.08,1478.46,1424.82,1438.25"
2004-10-25T06:00:00.000+07:00,"1435.68,1496.98,1423.98,1486.72"
2004-11-01T07:00:00.000+07:00,"1486.25,1534.84,1479.86,1525.24"
2004-11-08T07:00:00.000+07:00,"1525.13,1558.41,1514.32,1558.41"
2004-11-15T07:00:00.000+07:00,"1554.31,1581.79,1541.84,1552.11"
2004-11-22T07:00:00.000+07:00,"1551.16,1587.08,1543.97,1578.26"
2004-11-29T07:00:00.000+07:00,"1586.46,1631.9,1567.27,1614.4"
2004-12-06T07:00:00.000+07:00,"1612.33,1628.25,1577.77,1605.16"
2004-12-13T07:00:00.000+07:00,"1617.53,1635.7,1596.48,1596.61"
2004-12-20T07:00:00.000+07:00,"1603.84,1619.56,1587.21,1613.77"
2004-12-27T07:00:00.000+07:00,"1621.33,1629.9,1600.25,1621.12"
2005-01-03T07:00:00.000+07:00,"1628.75,1635.45,1551.29,1564.81"
2005-01-10T07:00:00.000+07:00,"1561.23,1577.71,1543.04,1561.11"
2005-01-17T07:00:00.000+07:00,"1554.19,1574.39,1502.48,1503.64"
2005-01-24T07:00:00.000+07:00,"1507.79,1513.44,1480.66,1499.46"
2005-01-31T07:00:00.000+07:00,"1515.16,1534.97,1501.96,1534.49"
2005-02-07T07:00:00.000+07:00,"1534.48,1542.41,1497.35,1530.51"
2005-02-14T07:00:00.000+07:00,"1531.19,1561.17,1512.73,1515.4"
2005-02-21T07:00:00.000+07:00,"1502.94,1528,1489.99,1526.9"
2005-02-28T07:00:00.000+07:00,"1517.06,1541.14,1498.17,1520.58"
2005-03-07T07:00:00.000+07:00,"1524.04,1552.53,1501.99,1505.64"
2005-03-14T07:00:00.000+07:00,"1509.19,1520.43,1475.26,1484.4"
2005-03-21T07:00:00.000+07:00,"1483.16,1490.57,1463.43,1469.94"
2005-03-28T06:00:00.000+07:00,"1476.4,1495.58,1458.26,1469.35"
2005-04-04T06:00:00.000+07:00,"1469.42,1503.21,1461.27,1485.6"
2005-04-11T06:00:00.000+07:00,"1490.43,1492.32,1407.82,1408.59"
2005-04-18T06:00:00.000+07:00,"1406.3,1448.37,1404.86,1421.21"
2005-04-25T06:00:00.000+07:00,"1430.99,1446.82,1394.36,1420.79"
2005-05-02T06:00:00.000+07:00,"1421.9,1460.76,1415.6,1456"
2005-05-09T06:00:00.000+07:00,"1455.68,1478.89,1432.83,1470.63"
2005-05-16T06:00:00.000+07:00,"1470.31,1528.06,1465.85,1528.06"
2005-05-23T06:00:00.000+07:00,"1526.97,1551.12,1524.41,1549.8"
2005-05-30T06:00:00.000+07:00,"1549.48,1568.96,1538.54,1544.48"
2005-06-06T06:00:00.000+07:00,"1544.96,1559.53,1515.96,1521.02"
2005-06-13T06:00:00.000+07:00,"1519.61,1550.63,1510.82,1538.13"
2005-06-20T06:00:00.000+07:00,"1529.65,1549,1500.18,1500.18"
2005-06-27T06:00:00.000+07:00,"1497.29,1512.77,1489.74,1490.53"
2005-07-04T06:00:00.000+07:00,"1485.96,1534.29,1484.18,1533.27"
2005-07-11T06:00:00.000+07:00,"1536.45,1582.4,1535.07,1577.82"
2005-07-18T06:00:00.000+07:00,"1573.62,1610.84,1570.02,1600.76"
2005-07-25T06:00:00.000+07:00,"1600.62,1619.95,1591.4,1605.14"
2005-08-01T06:00:00.000+07:00,"1609.74,1628.57,1600.25,1601.59"
2005-08-08T06:00:00.000+07:00,"1604.23,1610.21,1581.41,1591.75"
2005-08-15T06:00:00.000+07:00,"1587.59,1606.96,1572.44,1573.72"
2005-08-22T06:00:00.000+07:00,"1577.15,1588.92,1552.99,1558.84"
2005-08-29T06:00:00.000+07:00,"1551.36,1587.82,1551.31,1573.12"
2005-09-05T06:00:00.000+07:00,"1580.21,1610.12,1578.99,1607.83"
2005-09-12T06:00:00.000+07:00,"1607.6,1619.12,1585.07,1599.44"
2005-09-19T06:00:00.000+07:00,"1595.08,1604.02,1551.81,1571.75"
2005-09-26T06:00:00.000+07:00,"1581.16,1601.69,1560.87,1601.66"
2005-10-03T06:00:00.000+07:00,"1603.47,1617.77,1540.34,1555.92"
2005-10-10T06:00:00.000+07:00,"1554.74,1560.65,1515.42,1544.29"
2005-10-17T06:00:00.000+07:00,"1544.58,1576.46,1526.82,1565.12"
2005-10-24T06:00:00.000+07:00,"1570.33,1593.47,1538.78,1557.11"
2005-10-31T07:00:00.000+07:00,"1559.84,1631.79,1559.84,1628.03"
2005-11-07T07:00:00.000+07:00,"1630.76,1659.72,1620.74,1653.36"
2005-11-14T07:00:00.000+07:00,"1653.65,1689.59,1638.97,1679.85"
2005-11-21T07:00:00.000+07:00,"1678.7,1704.42,1673.05,1701.05"
2005-11-28T07:00:00.000+07:00,"1702.4,1709.1,1671.34,1709.1"
2005-12-05T07:00:00.000+07:00,"1704.12,1716.65,1674.74,1692.62"
2005-12-12T07:00:00.000+07:00,"1698.15,1711.83,1688.07,1688.68"
2005-12-19T07:00:00.000+07:00,"1692.21,1694.65,1657.71,1682.92"
2005-12-26T07:00:00.000+07:00,"1686.92,1693.58,1641.86,1645.2"
2006-01-02T07:00:00.000+07:00,"1654.39,1735.5,1633.62,1734.99"
2006-01-09T07:00:00.000+07:00,"1734.5,1761.46,1729.6,1746.78"
2006-01-16T07:00:00.000+07:00,"1733.91,1740.59,1674.32,1676.38"
2006-01-23T07:00:00.000+07:00,"1681.46,1722.93,1670.33,1711.11"
2006-01-30T07:00:00.000+07:00,"1712.84,1720.88,1658.38,1664.53"
2006-02-06T07:00:00.000+07:00,"1663.71,1681.92,1637.26,1663.75"
2006-02-13T07:00:00.000+07:00,"1653.76,1688.61,1638.53,1675.21"
2006-02-20T07:00:00.000+07:00,"1675.88,1687.59,1650.94,1676.5"
2006-02-27T07:00:00.000+07:00,"1681.45,1706.41,1665.63,1684.32"
2006-03-06T07:00:00.000+07:00,"1688.87,1691.11,1634.25,1648.23"
2006-03-13T07:00:00.000+07:00,"1655.35,1703.11,1650.93,1685.66"
2006-03-20T07:00:00.000+07:00,"1690.9,1707.69,1660.82,1679.81"
2006-03-27T06:00:00.000+07:00,"1678.93,1720.2,1667.95,1703.66"
2006-04-03T06:00:00.000+07:00,"1715.12,1750.23,1704.92,1723.03"
2006-04-10T06:00:00.000+07:00,"1724.65,1727.82,1696.67,1712.07"
2006-04-17T06:00:00.000+07:00,"1710.91,1741.35,1684.35,1709.02"
2006-04-24T06:00:00.000+07:00,"1706.51,1727.79,1688.25,1700.71"
2006-05-01T06:00:00.000+07:00,"1706.8,1716.19,1679.26,1713.84"
2006-05-08T06:00:00.000+07:00,"1713.74,1721.13,1634.65,1635.81"
2006-05-15T06:00:00.000+07:00,"1629.25,1640.1,1575.81,1600.86"
2006-05-22T06:00:00.000+07:00,"1587.98,1606.46,1554.76,1606.37"
2006-05-29T06:00:00.000+07:00,"1599.11,1626.29,1568.22,1612.9"
2006-06-05T06:00:00.000+07:00,"1606.11,1612.9,1525.78,1550.97"
2006-06-12T06:00:00.000+07:00,"1553.65,1576.79,1511.53,1562.84"
2006-06-19T06:00:00.000+07:00,"1568.38,1585.88,1543.85,1551.05"
2006-06-26T06:00:00.000+07:00,"1553.48,1590.83,1520.93,1575.23"
2006-07-03T06:00:00.000+07:00,"1580.63,1586.44,1529.4,1533.71"
2006-07-10T06:00:00.000+07:00,"1538.78,1543.12,1456.38,1462.17"
2006-07-17T06:00:00.000+07:00,"1462.39,1498.32,1446.77,1451.88"
2006-07-24T06:00:00.000+07:00,"1459.39,1511,1457.11,1510.3"
2006-07-31T06:00:00.000+07:00,"1506.81,1530.04,1476.06,1503.84"
2006-08-07T06:00:00.000+07:00,"1501.43,1517.9,1476.48,1486.74"
2006-08-14T06:00:00.000+07:00,"1500.65,1584.72,1493.74,1576.46"
2006-08-21T06:00:00.000+07:00,"1566.16,1577.54,1542.57,1557.7"
2006-08-28T06:00:00.000+07:00,"1557.21,1593.66,1552.4,1589.47"
2006-09-04T06:00:00.000+07:00,"1589.92,1605.02,1560.05,1574.71"
2006-09-11T06:00:00.000+07:00,"1563.08,1645.6,1558.17,1632.44"
2006-09-18T06:00:00.000+07:00,"1631.48,1654.4,1608.51,1622.37"
2006-09-25T06:00:00.000+07:00,"1631.34,1666.03,1615.14,1654.13"
2006-10-02T06:00:00.000+07:00,"1650.32,1690.8,1623.07,1684.88"
2006-10-09T06:00:00.000+07:00,"1683.2,1729.26,1675.98,1727.21"
2006-10-16T06:00:00.000+07:00,"1728.23,1733.73,1693.19,1709.58"
2006-10-23T06:00:00.000+07:00,"1706.18,1745.79,1702.58,1717.61"
2006-10-30T07:00:00.000+07:00,"1715.79,1739.79,1693.19,1703.98"
2006-11-06T07:00:00.000+07:00,"1712.03,1762.95,1712.03,1751.11"
2006-11-13T07:00:00.000+07:00,"1751.84,1806,1749.52,1800.67"
2006-11-20T07:00:00.000+07:00,"1795.68,1824.21,1790.47,1815.53"
2006-11-27T07:00:00.000+07:00,"1810.91,1813.92,1760.01,1775.12"
2006-12-04T07:00:00.000+07:00,"1782.6,1810.82,1767.83,1786.21"
2006-12-11T07:00:00.000+07:00,"1786.21,1821.18,1771.3,1808.56"
2006-12-18T07:00:00.000+07:00,"1812.93,1820.94,1748.61,1748.61"
2006-12-25T07:00:00.000+07:00,"1746.86,1774.64,1746.07,1756.9"
2007-01-01T07:00:00.000+07:00,"1769.22,1799.07,1731.71,1785.3"
2007-01-08T07:00:00.000+07:00,"1786.39,1845.68,1776.73,1844.81"
2007-01-15T07:00:00.000+07:00,"1844.73,1847.54,1787.52,1796.81"
2007-01-22T07:00:00.000+07:00,"1800.33,1810.24,1763.3,1772.97"
2007-01-29T07:00:00.000+07:00,"1771.05,1806.81,1764.63,1798.13"
2007-02-05T07:00:00.000+07:00,"1796.48,1819.3,1776.51,1785.53"
2007-02-12T07:00:00.000+07:00,"1787.11,1824.09,1774.25,1821.49"
2007-02-19T07:00:00.000+07:00,"1817.84,1851.47,1808.11,1839.77"
2007-02-26T07:00:00.000+07:00,"1848.48,1849.09,1717.95,1726.03"
2007-03-05T07:00:00.000+07:00,"1726.03,1760.96,1710.97,1744.74"
2007-03-12T07:00:00.000+07:00,"1742.98,1758.49,1711.28,1742.23"
2007-03-19T07:00:00.000+07:00,"1752.19,1807.43,1747.05,1794.04"
2007-03-26T06:00:00.000+07:00,"1796.01,1802.95,1753.43,1772.36"
2007-04-02T06:00:00.000+07:00,"1775.92,1812.94,1761.65,1812.94"
2007-04-09T06:00:00.000+07:00,"1818.75,1819.04,1788.4,1816.85"
2007-04-16T06:00:00.000+07:00,"1823.69,1856.43,1819.31,1845.89"
2007-04-23T06:00:00.000+07:00,"1848.49,1896.77,1844.05,1891.06"
2007-04-30T06:00:00.000+07:00,"1891.81,1905.85,1857.33,1895.7"
2007-05-07T06:00:00.000+07:00,"1896.1,1909.3,1874.24,1898.79"
2007-05-14T06:00:00.000+07:00,"1902.1,1906.38,1866.98,1896.93"
2007-05-21T06:00:00.000+07:00,"1899.6,1925.43,1869.51,1889.25"
2007-05-28T06:00:00.000+07:00,"1891.07,1940.81,1884.45,1928.26"
2007-06-04T06:00:00.000+07:00,"1921.95,1935.85,1876.52,1906.26"
2007-06-11T06:00:00.000+07:00,"1904.91,1946.7,1887.77,1942.41"
2007-06-18T06:00:00.000+07:00,"1947.79,1948.58,1915.77,1921.94"
2007-06-25T06:00:00.000+07:00,"1924.18,1947,1899.92,1934.1"
2007-07-02T06:00:00.000+07:00,"1943.28,1989.43,1939.74,1988.31"
2007-07-09T06:00:00.000+07:00,"1989.76,2032.28,1965.61,2032.16"
2007-07-16T06:00:00.000+07:00,"2030.34,2060.29,2019.17,2035.88"
2007-07-23T06:00:00.000+07:00,"2043.82,2045.81,1955.62,1956.19"
2007-07-30T06:00:00.000+07:00,"1961.78,1992.53,1912.1,1918.56"
2007-08-06T06:00:00.000+07:00,"1931.38,1995,1896.69,1925.14"
2007-08-13T06:00:00.000+07:00,"1941.41,1946.75,1805.66,1888.78"
2007-08-20T06:00:00.000+07:00,"1891.13,1961.38,1874.27,1961.38"
2007-08-27T06:00:00.000+07:00,"1954.88,1993.73,1899.24,1988.73"
2007-09-03T06:00:00.000+07:00,"1989.28,2032.1,1949.87,1958.35"
2007-09-10T06:00:00.000+07:00,"1975.67,2006.37,1943.27,2000.82"
2007-09-17T06:00:00.000+07:00,"1993.5,2056.27,1975.29,2049.48"
2007-09-24T06:00:00.000+07:00,"2054.77,2101.96,2047.51,2091.11"
2007-10-01T06:00:00.000+07:00,"2092.6,2151.72,2088.79,2149.67"
2007-10-08T06:00:00.000+07:00,"2151.11,2194.14,2127.07,2177.99"
2007-10-15T06:00:00.000+07:00,"2182.06,2191.66,2131.08,2131.08"
2007-10-22T06:00:00.000+07:00,"2121.01,2205.18,2116.64,2194.59"
2007-10-29T07:00:00.000+07:00,"2202.96,2239.23,2181.5,2213.86"
2007-11-05T07:00:00.000+07:00,"2193.06,2224.43,2033.88,2034.3"
2007-11-12T07:00:00.000+07:00,"2028.91,2091.06,1980.18,2048.62"
2007-11-19T07:00:00.000+07:00,"2040.17,2064.08,1986.45,2028.9"
2007-11-26T07:00:00.000+07:00,"2033.24,2122.64,1988.3,2089.1"
2007-12-03T07:00:00.000+07:00,"2080.1,2135.24,2048.65,2130"
2007-12-10T07:00:00.000+07:00,"2131.67,2147.68,2069.94,2072.11"
2007-12-17T07:00:00.000+07:00,"2064.45,2111.77,1999.59,2111.77"
2007-12-24T07:00:00.000+07:00,"2113.12,2141.08,2092.03,2107.05"
2007-12-31T07:00:00.000+07:00,"2097.91,2102.39,1963.02,1963.52"
2008-01-07T07:00:00.000+07:00,"1971.28,1983.14,1889.92,1912.81"
2008-01-14T07:00:00.000+07:00,"1940.33,1952.55,1829.62,1844.09"
2008-01-21T07:00:00.000+07:00,"1740.53,1864,1693.06,1789.17"
2008-01-28T07:00:00.000+07:00,"1788.14,1864.97,1773.7,1855.27"
2008-02-04T07:00:00.000+07:00,"1854.62,1854.62,1714.86,1773.74"
2008-02-11T07:00:00.000+07:00,"1780.36,1824.22,1767.34,1780.38"
2008-02-18T07:00:00.000+07:00,"1802.17,1807.45,1739.15,1773.44"
2008-02-25T07:00:00.000+07:00,"1773.05,1808.65,1740.9,1745.27"
2008-03-03T07:00:00.000+07:00,"1743.92,1768.13,1682.03,1707.5"
2008-03-10T07:00:00.000+07:00,"1705.55,1764.72,1672.76,1713.83"
2008-03-17T07:00:00.000+07:00,"1680.54,1772.09,1668.57,1751.99"
2008-03-24T07:00:00.000+07:00,"1760.14,1831.98,1760.14,1767.57"
2008-03-31T06:00:00.000+07:00,"1772.96,1884.13,1767.86,1865.87"
2008-04-07T06:00:00.000+07:00,"1878.3,1885.93,1794.82,1798.72"
2008-04-14T06:00:00.000+07:00,"1796.77,1908,1776.6,1900.28"
2008-04-21T06:00:00.000+07:00,"1892.97,1942.98,1867.72,1918.58"
2008-04-28T06:00:00.000+07:00,"1920.53,1996.52,1912.81,1981.87"
2008-05-05T06:00:00.000+07:00,"1980.84,2000.72,1946.28,1960.29"
2008-05-12T06:00:00.000+07:00,"1969.5,2032.36,1959.48,2031.34"
2008-05-19T06:00:00.000+07:00,"2031.82,2050.79,1943.85,1958.96"
2008-05-26T06:00:00.000+07:00,"1965,2040.97,1963.05,2032.57"
2008-06-02T06:00:00.000+07:00,"2026.58,2055.82,1977.87,2055.11"
2008-06-09T06:00:00.000+07:00,"1995.37,1997.94,1909.89,1966.01"
2008-06-16T06:00:00.000+07:00,"1954.04,1993.12,1920.32,1928.39"
2008-06-23T06:00:00.000+07:00,"1936.71,1951.49,1829.3,1855.72"
2008-06-30T06:00:00.000+07:00,"1852.83,1874.83,1801.66,1816.35"
2008-07-07T06:00:00.000+07:00,"1834.28,1871.28,1784.39,1810.88"
2008-07-14T06:00:00.000+07:00,"1834.86,1862.99,1761.08,1823.23"
2008-07-21T06:00:00.000+07:00,"1831.86,1865.19,1784.26,1846.55"
2008-07-28T06:00:00.000+07:00,"1841.32,1874.54,1798.31,1849.15"
2008-08-04T06:00:00.000+07:00,"1825.68,1928.52,1802.09,1926.23"
2008-08-11T06:00:00.000+07:00,"1921.76,1973.56,1917.85,1957.56"
2008-08-18T06:00:00.000+07:00,"1962.17,1963.51,1886.24,1931.47"
2008-08-25T06:00:00.000+07:00,"1918.45,1921.19,1866.81,1872.54"
2008-09-01T06:00:00.000+07:00,"1904.21,1912.72,1740.44,1768.23"
2008-09-08T06:00:00.000+07:00,"1794.08,1796.82,1713.86,1767.13"
2008-09-15T06:00:00.000+07:00,"1721.78,1773.83,1606.3,1745.06"
2008-09-22T06:00:00.000+07:00,"1742.52,1743.34,1635.54,1672.04"
2008-09-29T06:00:00.000+07:00,"1638.38,1643.22,1469,1470.84"
2008-10-06T06:00:00.000+07:00,"1431.01,1440.19,1196.11,1269.8"
2008-10-13T06:00:00.000+07:00,"1338.6,1470.99,1192.25,1311.72"
2008-10-20T06:00:00.000+07:00,"1329.68,1352.76,1149.12,1202.27"
2008-10-27T07:00:00.000+07:00,"1182.62,1358.75,1167.7,1334.78"
2008-11-03T07:00:00.000+07:00,"1333.19,1382.65,1235.85,1271.62"
2008-11-10T07:00:00.000+07:00,"1297.97,1298.09,1109.89,1179.63"
2008-11-17T07:00:00.000+07:00,"1157.54,1187.98,1018.86,1085.57"
2008-11-24T07:00:00.000+07:00,"1106.02,1193.09,1096.55,1185.75"
2008-12-01T07:00:00.000+07:00,"1156.53,1180.09,1091.04,1177.87"
2008-12-08T07:00:00.000+07:00,"1202.78,1251.56,1157.15,1206.65"
2008-12-15T07:00:00.000+07:00,"1206.88,1244.81,1167.45,1217.19"
2008-12-22T07:00:00.000+07:00,"1212.31,1214.55,1169.23,1185.44"
2008-12-29T07:00:00.000+07:00,"1185.96,1266.45,1158.07,1263.7"
2009-01-05T07:00:00.000+07:00,"1254.7,1286.08,1217.59,1223.01"
2009-01-12T07:00:00.000+07:00,"1225.12,1225.78,1141.74,1198.14"
2009-01-19T07:00:00.000+07:00,"1193.98,1195.89,1136.61,1175.89"
2009-01-26T07:00:00.000+07:00,"1177.44,1245.98,1169.21,1180.25"
2009-02-02T07:00:00.000+07:00,"1168.13,1280.4,1167.49,1277.49"
2009-02-09T07:00:00.000+07:00,"1276.72,1286.9,1204.38,1236.85"
2009-02-16T07:00:00.000+07:00,"1197.59,1204.56,1153.18,1172.71"
2009-02-23T07:00:00.000+07:00,"1180.1,1183.93,1112.12,1116.99"
2009-03-02T07:00:00.000+07:00,"1098.99,1124.67,1043.6,1064.7"
2009-03-09T07:00:00.000+07:00,"1058.85,1170.48,1040.41,1168.52"
2009-03-16T07:00:00.000+07:00,"1177.33,1225.16,1144.21,1187.18"
2009-03-23T07:00:00.000+07:00,"1213.12,1281.3,1203.85,1251.47"
2009-03-30T06:00:00.000+07:00,"1230.89,1316.71,1204.96,1316.16"
2009-04-06T06:00:00.000+07:00,"1301.43,1341.77,1268.79,1340.28"
2009-04-13T06:00:00.000+07:00,"1333.72,1361.68,1295.1,1353.92"
2009-04-20T06:00:00.000+07:00,"1330.18,1379.38,1303.73,1373.28"
2009-04-27T06:00:00.000+07:00,"1359.88,1418.77,1355.99,1396.62"
2009-05-04T06:00:00.000+07:00,"1407.65,1435.8,1377.06,1394.16"
2009-05-11T06:00:00.000+07:00,"1375.05,1410.43,1339.82,1355.11"
2009-05-18T06:00:00.000+07:00,"1367.05,1423.13,1353.53,1363.17"
2009-05-25T06:00:00.000+07:00,"1351.13,1435.57,1350.95,1435.57"
2009-06-01T06:00:00.000+07:00,"1451.37,1505.77,1446.97,1493.21"
2009-06-08T06:00:00.000+07:00,"1482.21,1511.94,1467.13,1489.97"
2009-06-15T06:00:00.000+07:00,"1472.77,1477.95,1439.38,1471.23"
2009-06-22T06:00:00.000+07:00,"1455.78,1483.57,1413.54,1480.2"
2009-06-29T06:00:00.000+07:00,"1483.66,1497.71,1443.75,1446.28"
2009-07-06T06:00:00.000+07:00,"1435.4,1444.3,1394.87,1419.84"
2009-07-13T06:00:00.000+07:00,"1423.2,1527.26,1402.19,1527.26"
2009-07-20T06:00:00.000+07:00,"1534.39,1605.09,1529.45,1599.06"
2009-07-27T06:00:00.000+07:00,"1597.02,1632.97,1580.52,1603.36"
2009-08-03T06:00:00.000+07:00,"1619.24,1633.16,1595.36,1619.49"
2009-08-10T06:00:00.000+07:00,"1612.73,1634.12,1587.4,1611.58"
2009-08-17T06:00:00.000+07:00,"1583.29,1639.23,1563.14,1637.78"
2009-08-24T06:00:00.000+07:00,"1641.45,1668.01,1611.73,1643.24"
2009-08-31T06:00:00.000+07:00,"1628.21,1648.27,1585.56,1638.07"
2009-09-07T06:00:00.000+07:00,"1651.64,1689.68,1643.44,1685.46"
2009-09-14T06:00:00.000+07:00,"1673.55,1732.42,1673.13,1725.24"
2009-09-21T06:00:00.000+07:00,"1717.37,1754.54,1690.68,1694.15"
2009-09-28T06:00:00.000+07:00,"1702.95,1733.79,1656.57,1662.49"
2009-10-05T06:00:00.000+07:00,"1668.7,1732.11,1660.37,1727.76"
2009-10-12T06:00:00.000+07:00,"1732.75,1756.25,1719.02,1739.32"
2009-10-19T06:00:00.000+07:00,"1741.43,1780.83,1732.02,1753.63"
2009-10-26T07:00:00.000+07:00,"1756.5,1778.48,1663.94,1667.13"
2009-11-02T07:00:00.000+07:00,"1667.06,1733.22,1652.44,1730.76"
2009-11-09T07:00:00.000+07:00,"1743.55,1794.12,1742.97,1788.61"
2009-11-16T07:00:00.000+07:00,"1794.88,1814.25,1758,1764.39"
2009-11-23T07:00:00.000+07:00,"1782.92,1801.22,1742.2,1765.46"
2009-11-30T07:00:00.000+07:00,"1762.99,1815.6,1750.88,1791.91"
2009-12-07T07:00:00.000+07:00,"1791.35,1810.31,1759.34,1792.06"
2009-12-14T07:00:00.000+07:00,"1802.28,1814.49,1777.08,1807.36"
2009-12-21T07:00:00.000+07:00,"1818.39,1869.9,1818.39,1869.84"
2009-12-28T07:00:00.000+07:00,"1874.71,1882.58,1860.31,1860.31"
2010-01-04T07:00:00.000+07:00,"1882.69,1893.25,1867.62,1892.59"
2010-01-11T07:00:00.000+07:00,"1896.05,1897.49,1852.31,1864.52"
2010-01-18T07:00:00.000+07:00,"1869.24,1896.54,1791.4,1794.82"
2010-01-25T07:00:00.000+07:00,"1806.6,1825.95,1734.03,1741.04"
2010-02-01T07:00:00.000+07:00,"1745.91,1787.89,1712.89,1746.12"
2010-02-08T07:00:00.000+07:00,"1744.02,1783.7,1734.12,1779.11"
2010-02-15T07:00:00.000+07:00,"1792.9,1830.38,1782.73,1823.32"
2010-02-22T07:00:00.000+07:00,"1828.69,1829.18,1781.12,1818.68"
2010-03-01T07:00:00.000+07:00,"1826.62,1889.68,1826.61,1888.56"
2010-03-08T07:00:00.000+07:00,"1888.04,1930.17,1885.99,1924.43"
2010-03-15T07:00:00.000+07:00,"1918.14,1949.14,1906.01,1932.43"
2010-03-22T07:00:00.000+07:00,"1922.73,1976.38,1921.71,1952.63"
2010-03-29T06:00:00.000+07:00,"1960.63,1979.49,1943.97,1959.56"
2010-04-05T06:00:00.000+07:00,"1964.03,1994.48,1958.01,1994.43"
2010-04-12T06:00:00.000+07:00,"1995.35,2040.49,1986.83,2012.84"
2010-04-19T06:00:00.000+07:00,"2011.4,2055.63,1988.37,2055.33"
2010-04-26T06:00:00.000+07:00,"2054.84,2059.42,1991.95,2000.63"
2010-05-03T06:00:00.000+07:00,"2010.94,2039.52,1752.31,1849.44"
2010-05-10T06:00:00.000+07:00,"1931.52,1983.13,1885.51,1907.1"
2010-05-17T06:00:00.000+07:00,"1911.38,1933.25,1767.94,1822.77"
2010-05-24T06:00:00.000+07:00,"1818.46,1867.72,1756.63,1852.39"
2010-05-31T06:00:00.000+07:00,"1846.6,1898.93,1824.71,1832.04"
2010-06-07T06:00:00.000+07:00,"1839.77,1848.62,1770.46,1847.15"
2010-06-14T06:00:00.000+07:00,"1862.7,1925.2,1844.16,1913.48"
2010-06-21T06:00:00.000+07:00,"1939.77,1939.77,1829.3,1838.52"
2010-06-28T06:00:00.000+07:00,"1843.27,1852.66,1700.04,1728.34"
2010-07-05T06:00:00.000+07:00,"1752.98,1815.24,1719.2,1814.79"
2010-07-12T06:00:00.000+07:00,"1814.49,1863.52,1802.54,1803.48"
2010-07-19T06:00:00.000+07:00,"1807.99,1875.38,1784.55,1875.38"
2010-07-26T06:00:00.000+07:00,"1875.77,1900.15,1833.9,1864"
2010-08-02T06:00:00.000+07:00,"1886.61,1911.01,1873.44,1902.88"
2010-08-09T06:00:00.000+07:00,"1911.38,1918.78,1807.46,1818.8"
2010-08-16T06:00:00.000+07:00,"1806.97,1862.37,1801.74,1825.75"
2010-08-23T06:00:00.000+07:00,"1833.33,1842.79,1747.32,1791.64"
2010-08-30T06:00:00.000+07:00,"1785.98,1870.31,1755.38,1870.31"
2010-09-06T06:00:00.000+07:00,"1862.88,1897.93,1854.43,1892.34"
2010-09-13T06:00:00.000+07:00,"1908.75,1961.01,1908.41,1955.83"
2010-09-20T06:00:00.000+07:00,"1962.15,2023.85,1960.43,2023.84"
2010-09-27T06:00:00.000+07:00,"2021.68,2029.65,1979.74,1996.6"
2010-10-04T06:00:00.000+07:00,"1990.13,2030.89,1963.68,2027.03"
2010-10-11T06:00:00.000+07:00,"2028.53,2097.73,2007.13,2097.73"
2010-10-18T06:00:00.000+07:00,"2100.21,2106.24,2054.61,2104.21"
2010-10-25T06:00:00.000+07:00,"2113.23,2137.33,2094.84,2124.45"
2010-11-01T07:00:00.000+07:00,"2135.57,2193.66,2117.59,2186.71"
2010-11-08T07:00:00.000+07:00,"2179.7,2200.16,2122.42,2137.95"
2010-11-15T07:00:00.000+07:00,"2147.06,2152.89,2085.27,2135.27"
2010-11-22T07:00:00.000+07:00,"2126.4,2165.15,2105.61,2153.91"
2010-11-29T07:00:00.000+07:00,"2144.04,2192.89,2110.24,2191.17"
2010-12-06T07:00:00.000+07:00,"2192.12,2217.48,2182.99,2215.34"
2010-12-13T07:00:00.000+07:00,"2223.89,2227.04,2196.88,2218.29"
2010-12-20T07:00:00.000+07:00,"2225.41,2238.92,2206.3,2230.27"
2010-12-27T07:00:00.000+07:00,"2223.76,2236.19,2208.8,2217.86"
2011-01-03T07:00:00.000+07:00,"2238.66,2282.87,2237.73,2276.7"
2011-01-10T07:00:00.000+07:00,"2270.65,2323.43,2265,2323.43"
2011-01-17T07:00:00.000+07:00,"2300.93,2331.63,2267.17,2268.32"
2011-01-24T07:00:00.000+07:00,"2271.73,2336.04,2260.6,2270.51"
2011-01-31T07:00:00.000+07:00,"2274.22,2338.66,2258.05,2338.2"
2011-02-07T07:00:00.000+07:00,"2340.44,2381.4,2338.87,2379.15"
2011-02-14T07:00:00.000+07:00,"2379.52,2403.52,2371.19,2392.47"
2011-02-21T07:00:00.000+07:00,"2353.81,2366.43,2284.65,2346.29"
2011-02-28T07:00:00.000+07:00,"2354.87,2375.67,2308.05,2359.96"
2011-03-07T07:00:00.000+07:00,"2367.92,2370.91,2275.07,2299.26"
2011-03-14T07:00:00.000+07:00,"2286.77,2302.92,2188.92,2221.07"
2011-03-21T07:00:00.000+07:00,"2250.89,2331.63,2234.94,2316.36"
2011-03-28T06:00:00.000+07:00,"2325.13,2359.16,2291.78,2342.92"
2011-04-04T06:00:00.000+07:00,"2347.71,2352.25,2313.33,2321.18"
2011-04-11T06:00:00.000+07:00,"2330.26,2333.98,2288.68,2307.58"
2011-04-18T06:00:00.000+07:00,"2281.92,2381.2,2254.88,2377.3"
2011-04-25T06:00:00.000+07:00,"2377.91,2415.85,2375.12,2404.08"
2011-05-02T06:00:00.000+07:00,"2410.24,2417.83,2366.73,2383.18"
2011-05-09T06:00:00.000+07:00,"2384.2,2415.9,2372.19,2379.24"
2011-05-16T06:00:00.000+07:00,"2368.47,2375.36,2320.33,2351.43"
2011-05-23T06:00:00.000+07:00,"2318.16,2339.1,2298.72,2336.09"
2011-05-30T06:00:00.000+07:00,"2359.05,2373.82,2289.41,2292.31"
2011-06-06T06:00:00.000+07:00,"2288.61,2299.4,2220.83,2221.09"
2011-06-13T06:00:00.000+07:00,"2225.21,2256.46,2180.94,2192.96"
2011-06-20T06:00:00.000+07:00,"2187.21,2256.7,2186.77,2217.06"
2011-06-27T06:00:00.000+07:00,"2217.63,2363.36,2215.14,2361.39"
2011-07-04T06:00:00.000+07:00,"2363.08,2418.99,2357.31,2405.89"
2011-07-11T06:00:00.000+07:00,"2380.56,2392.09,2318.2,2356.67"
2011-07-18T06:00:00.000+07:00,"2346.53,2432.84,2322.62,2429.5"
2011-07-25T06:00:00.000+07:00,"2408.65,2438.44,2341.82,2362.81"
2011-08-01T06:00:00.000+07:00,"2391.42,2396.5,2131.52,2194.38"
2011-08-08T06:00:00.000+07:00,"2127.87,2195.25,2034.92,2182.05"
2011-08-15T06:00:00.000+07:00,"2189.49,2214.26,2035.3,2038.22"
2011-08-22T06:00:00.000+07:00,"2084.27,2169.41,2038.14,2161.97"
2011-08-29T06:00:00.000+07:00,"2188.67,2268.07,2156.99,2167.83"
2011-09-05T06:00:00.000+07:00,"2116.48,2244.51,2112.84,2163.66"
2011-09-12T06:00:00.000+07:00,"2145.78,2308.96,2139.58,2306.09"
2011-09-19T06:00:00.000+07:00,"2277.64,2337.7,2151.48,2206.86"
2011-09-26T06:00:00.000+07:00,"2216.66,2290.71,2139.17,2139.18"
2011-10-03T06:00:00.000+07:00,"2128.02,2227.38,2042.9,2202.76"
2011-10-10T06:00:00.000+07:00,"2241.17,2371.94,2237.48,2371.94"
2011-10-17T06:00:00.000+07:00,"2359.53,2375.26,2274.49,2335.93"
2011-10-24T06:00:00.000+07:00,"2341.71,2412.52,2291.78,2401.29"
2011-10-31T07:00:00.000+07:00,"2376.99,2389.29,2287.74,2356.32"
2011-11-07T07:00:00.000+07:00,"2353.82,2402.51,2290.53,2355.78"
2011-11-14T07:00:00.000+07:00,"2350.91,2375.1,2250.94,2253.95"
2011-11-21T07:00:00.000+07:00,"2219.88,2225.54,2150.71,2150.88"
2011-11-28T07:00:00.000+07:00,"2207.68,2331.12,2205.77,2302.04"
2011-12-05T07:00:00.000+07:00,"2336.55,2343.1,2278.42,2318.68"
2011-12-12T07:00:00.000+07:00,"2295.43,2316.9,2219.68,2238.18"
2011-12-19T07:00:00.000+07:00,"2244.37,2287.96,2209.57,2287.57"
2011-12-26T07:00:00.000+07:00,"2284.29,2301.3,2262.22,2277.83"
2012-01-02T07:00:00.000+07:00,"2323.16,2362.58,2307.56,2356.17"
2012-01-09T07:00:00.000+07:00,"2362.53,2384.26,2342.34,2371.98"
2012-01-16T07:00:00.000+07:00,"2396.14,2445.59,2385.79,2437.02"
2012-01-23T07:00:00.000+07:00,"2437.06,2479.31,2423.24,2461.77"
2012-01-30T07:00:00.000+07:00,"2438.52,2532.26,2433.63,2529.17"
2012-02-06T07:00:00.000+07:00,"2519.33,2567.28,2513.51,2547.32"
2012-02-13T07:00:00.000+07:00,"2564.93,2600.96,2551.35,2584.24"
2012-02-20T07:00:00.000+07:00,"2589.21,2609.45,2570.07,2604.21"
2012-02-27T07:00:00.000+07:00,"2589.44,2650,2579.63,2641.58"
2012-03-05T07:00:00.000+07:00,"2636.6,2651.98,2575.13,2646.85"
2012-03-12T07:00:00.000+07:00,"2646.98,2720.49,2635.76,2712.78"
2012-03-19T07:00:00.000+07:00,"2716.98,2752.46,2710.63,2728.55"
2012-03-26T06:00:00.000+07:00,"2746.98,2794,2741.32,2755.27"
2012-04-02T06:00:00.000+07:00,"2752.25,2795.35,2729.21,2762.5"
2012-04-09T06:00:00.000+07:00,"2726.08,2751.44,2688.21,2698.99"
2012-04-16T06:00:00.000+07:00,"2713.89,2738.59,2660.96,2676.04"
2012-04-23T06:00:00.000+07:00,"2651.13,2750.5,2628.96,2741.34"
2012-04-30T06:00:00.000+07:00,"2731.26,2756.81,2637.73,2637.92"
2012-05-07T06:00:00.000+07:00,"2622.67,2651.74,2587.53,2615.98"
2012-05-14T06:00:00.000+07:00,"2593.75,2617.23,2474.7,2478.53"
2012-05-21T06:00:00.000+07:00,"2482.31,2562.48,2478.36,2527.05"
2012-05-28T06:00:00.000+07:00,"2542.66,2570.79,2458.73,2458.83"
2012-06-04T06:00:00.000+07:00,"2458.97,2602.4,2443.92,2594.4"
2012-06-11T06:00:00.000+07:00,"2593.9,2596.1,2510.3,2578.6"
2012-06-18T06:00:00.000+07:00,"2578.7,2632.7,2552.7,2574.4"
2012-06-25T06:00:00.000+07:00,"2573.9,2620,2509.1,2617.2"
2012-07-02T06:00:00.000+07:00,"2616.7,2660.1,2595.1,2607.6"
2012-07-09T06:00:00.000+07:00,"2607.1,2629.9,2521.5,2578"
2012-07-16T06:00:00.000+07:00,"2577.5,2662.3,2553.2,2614.1"
2012-07-23T06:00:00.000+07:00,"2613.6,2650.4,2520.9,2644.7"
2012-07-30T06:00:00.000+07:00,"2644.2,2679.6,2605.4,2675.1"
2012-08-06T06:00:00.000+07:00,"2674.6,2727.1,2674.6,2723"
2012-08-13T06:00:00.000+07:00,"2722.5,2780.4,2707.5,2776.4"
2012-08-20T06:00:00.000+07:00,"2775.9,2802.2,2750.8,2785.8"
2012-08-27T06:00:00.000+07:00,"2786.4,2795,2745.4,2772.7"
2012-09-03T06:00:00.000+07:00,"2772.2,2835.6,2743,2821.1"
2012-09-10T06:00:00.000+07:00,"2820.6,2865,2774.8,2853"
2012-09-17T06:00:00.000+07:00,"2852.5,2876.5,2842.3,2860.6"
2012-09-24T06:00:00.000+07:00,"2860.1,2861.5,2767.8,2789.8"
2012-10-01T06:00:00.000+07:00,"2789.3,2846.3,2777.5,2808.2"
2012-10-08T06:00:00.000+07:00,"2807.7,2808.2,2713.3,2716.3"
2012-10-15T06:00:00.000+07:00,"2715.8,2785,2669.2,2670.9"
2012-10-22T06:00:00.000+07:00,"2670.4,2701,2610,2656.4"
2012-10-29T07:00:00.000+07:00,"2655.9,2699.8,2631.6,2643.5"
2012-11-05T07:00:00.000+07:00,"2643,2696.9,2558.9,2583.4"
2012-11-12T07:00:00.000+07:00,"2582.9,2600.1,2492.8,2543.2"
2012-11-19T07:00:00.000+07:00,"2542.7,2639.9,2537.8,2627.7"
2012-11-26T07:00:00.000+07:00,"2627.2,2689.4,2612,2678.4"
2012-12-03T07:00:00.000+07:00,"2677.9,2698.7,2620.3,2639.1"
2012-12-10T07:00:00.000+07:00,"2639.5,2696.7,2619.6,2638.9"
2012-12-17T07:00:00.000+07:00,"2638.4,2716.1,2613.2,2662.9"
2012-12-24T07:00:00.000+07:00,"2662.4,2663.4,2584.1,2594.4"
2012-12-31T07:00:00.000+07:00,"2593.9,2750.8,2585.2,2719.3"
2013-01-07T07:00:00.000+07:00,"2718.8,2748.9,2702.7,2745.5"
2013-01-14T07:00:00.000+07:00,"2745.9,2756.9,2710.4,2740.9"
2013-01-21T07:00:00.000+07:00,"2740.4,2773.4,2713.2,2733.1"
2013-01-28T07:00:00.000+07:00,"2732.6,2768.9,2721.2,2757.4"
2013-02-04T07:00:00.000+07:00,"2756.9,2780.8,2712.3,2777.1"
2013-02-11T07:00:00.000+07:00,"2776.6,2782.8,2755.6,2758.5"
2013-02-18T07:00:00.000+07:00,"2758,2784.9,2699.3,2737.9"
2013-02-25T07:00:00.000+07:00,"2738,2764.5,2689.1,2744.7"
2013-03-04T07:00:00.000+07:00,"2745,2834.6,2732.4,2796.6"
2013-03-11T07:00:00.000+07:00,"2796.5,2811.1,2764.1,2766.3"
2013-03-18T07:00:00.000+07:00,"2766.2,2815.3,2753.1,2812.1"
2013-03-25T07:00:00.000+07:00,"2812,2820.2,2777.1,2818"
2013-04-01T06:00:00.000+07:00,"2817.9,2828.4,2743,2769.8"
2013-04-08T06:00:00.000+07:00,"2769.9,2863.3,2763,2846.8"
2013-04-15T06:00:00.000+07:00,"2846.7,2855.3,2730,2782.5"
2013-04-22T06:00:00.000+07:00,"2782.3,2860.3,2779.1,2837"
2013-04-29T06:00:00.000+07:00,"2836.8,2952,2832.8,2947.4"
2013-05-06T06:00:00.000+07:00,"2947.5,2980.4,2941,2967.5"
2013-05-13T06:00:00.000+07:00,"2967.6,3028.8,2962.1,3022.7"
2013-05-20T06:00:00.000+07:00,"3022.6,3053.4,2960.9,3004"
2013-05-27T06:00:00.000+07:00,"3003.7,3037,2975.1,2983.9"
2013-06-03T06:00:00.000+07:00,"2983.7,3006.9,2910.5,2979.4"
2013-06-10T06:00:00.000+07:00,"2979.5,3004.5,2897.2,2944.3"
2013-06-17T06:00:00.000+07:00,"2944.4,3002.3,2852.1,2866.6"
2013-06-24T06:00:00.000+07:00,"2866.7,2927.5,2824,2907.1"
2013-07-01T06:00:00.000+07:00,"2907.3,2975.3,2898.1,2970.4"
2013-07-08T06:00:00.000+07:00,"2970.5,3074.9,2953.7,3069.5"
2013-07-15T06:00:00.000+07:00,"3069.7,3091,3035,3049.3"
2013-07-22T06:00:00.000+07:00,"3049.2,3077.4,3028.3,3077.1"
2013-07-29T06:00:00.000+07:00,"3077,3139.7,3061.4,3138.2"
2013-08-05T06:00:00.000+07:00,"3138.1,3144.7,3094.9,3110.3"
2013-08-12T06:00:00.000+07:00,"3110.1,3148.3,3060.5,3067.4"
2013-08-19T06:00:00.000+07:00,"3067.5,3126.4,3054.7,3120.2"
2013-08-26T06:00:00.000+07:00,"3120.3,3147.6,3052.8,3097.6"
2013-09-02T06:00:00.000+07:00,"3097.7,3149,3075.7,3136.2"
2013-09-09T06:00:00.000+07:00,"3136.3,3218.3,3134.8,3213.3"
2013-09-16T06:00:00.000+07:00,"3213.4,3246.8,3161.9,3225.9"
2013-09-23T06:00:00.000+07:00,"3226,3243.3,3201.4,3214.5"
2013-09-30T06:00:00.000+07:00,"3214.7,3256.5,3184.3,3229.4"
2013-10-07T06:00:00.000+07:00,"3229.3,3239.4,3116.6,3204.4"
2013-10-14T06:00:00.000+07:00,"3204.6,3354.7,3203.4,3352.3"
2013-10-21T06:00:00.000+07:00,"3352.2,3399.8,3328.5,3389.2"
2013-10-28T07:00:00.000+07:00,"3389,3407.7,3363.4,3374.4"
2013-11-04T07:00:00.000+07:00,"3374.2,3401,3313,3362.3"
2013-11-11T07:00:00.000+07:00,"3362.2,3423.3,3340.5,3419.4"
2013-11-18T07:00:00.000+07:00,"3419.5,3433.7,3357.8,3429.8"
2013-11-25T07:00:00.000+07:00,"3429.9,3495.2,3420.2,3490.4"
2013-12-02T07:00:00.000+07:00,"3490.3,3512.1,3451.6,3510.8"
2013-12-09T07:00:00.000+07:00,"3510.6,3524,3449.1,3459.5"
2013-12-16T07:00:00.000+07:00,"3459.4,3550,3421.2,3549.2"
2013-12-23T07:00:00.000+07:00,"3549.4,3590.4,3549,3572.6"
2013-12-30T07:00:00.000+07:00,"3572.7,3596.1,3531.1,3541.8"
2014-01-06T07:00:00.000+07:00,"3542.2,3581.8,3510.8,3566.2"
2014-01-13T07:00:00.000+07:00,"3566.1,3615.5,3498.1,3591.5"
2014-01-20T07:00:00.000+07:00,"3591.4,3640.6,3526.5,3534.6"
2014-01-27T07:00:00.000+07:00,"3534.7,3551,3460.5,3534"
2014-02-03T07:00:00.000+07:00,"3533.9,3566.5,3417.9,3562"
2014-02-10T07:00:00.000+07:00,"3561.9,3670.3,3553.3,3662.3"
2014-02-17T07:00:00.000+07:00,"3662.1,3686.6,3638.2,3665.3"
2014-02-24T07:00:00.000+07:00,"3665.2,3722.3,3654.1,3665.2"
2014-03-03T07:00:00.000+07:00,"3665,3739.7,3636.5,3699.4"
2014-03-10T07:00:00.000+07:00,"3699.3,3725.6,3607.5,3620"
2014-03-17T07:00:00.000+07:00,"3620.1,3719,3619,3647"
2014-03-24T07:00:00.000+07:00,"3647.2,3663.8,3543.1,3584.5"
2014-03-31T06:00:00.000+07:00,"3584.6,3676.2,3529.8,3543.2"
2014-04-07T06:00:00.000+07:00,"3543.3,3606.5,3432.6,3437.9"
2014-04-14T06:00:00.000+07:00,"3437.7,3550.3,3413.3,3540.3"
2014-04-21T06:00:00.000+07:00,"3540.4,3625.7,3524.5,3539"
2014-04-28T06:00:00.000+07:00,"3538.9,3613.3,3488.1,3587.8"
2014-05-05T06:00:00.000+07:00,"3587.9,3609.8,3504,3557.6"
2014-05-12T06:00:00.000+07:00,"3557.5,3625,3541.3,3590.6"
2014-05-19T06:00:00.000+07:00,"3590.4,3687.1,3565.8,3674.9"
2014-05-26T06:00:00.000+07:00,"3683.4,3741.3,3677.9,3733"
2014-06-02T06:00:00.000+07:00,"3733.1,3799.9,3707.6,3797.2"
2014-06-09T06:00:00.000+07:00,"3797.4,3805.6,3751.6,3770.7"
2014-06-16T06:00:00.000+07:00,"3770.5,3809.6,3756,3799.7"
2014-06-23T06:00:00.000+07:00,"3799.5,3845.2,3790.1,3841.5"
2014-06-30T06:00:00.000+07:00,"3841.4,3927.7,3835.4,3920.7"
2014-07-07T06:00:00.000+07:00,"3920.8,3923.1,3837.1,3907.8"
2014-07-14T06:00:00.000+07:00,"3907.9,3947.4,3860.3,3935.5"
2014-07-21T06:00:00.000+07:00,"3935.6,3997.5,3916.1,3954.5"
2014-07-28T06:00:00.000+07:00,"3954.6,3989.1,3853.8,3885.9"
2014-08-04T06:00:00.000+07:00,"3885.8,3922.2,3828.8,3883"
2014-08-11T06:00:00.000+07:00,"3882.9,4003.4,3878.4,3999.3"
2014-08-18T06:00:00.000+07:00,"3999.5,4061.3,3994.3,4055.9"
2014-08-25T06:00:00.000+07:00,"4056,4084.6,4054,4079.4"
2014-09-01T06:00:00.000+07:00,"4079.6,4112.8,4051.5,4083.5"
2014-09-08T06:00:00.000+07:00,"4083.7,4110.4,4050.7,4053.9"
2014-09-15T06:00:00.000+07:00,"4054.1,4124.8,4011.4,4097.3"
2014-09-22T06:00:00.000+07:00,"4097.1,4098.8,4006,4048.5"
2014-09-29T06:00:00.000+07:00,"4048.7,4071.3,3934.1,4030"
2014-10-06T06:00:00.000+07:00,"4030.1,4053.6,3833.4,3837.7"
2014-10-13T06:00:00.000+07:00,"3837.8,3893.4,3691.3,3838.3"
2014-10-20T06:00:00.000+07:00,"3838.4,4049.8,3801.3,4049.4"
2014-10-27T07:00:00.000+07:00,"4049.5,4170.1,4017,4155.5"
2014-11-03T07:00:00.000+07:00,"4155.6,4180.6,4125.9,4155.3"
2014-11-10T07:00:00.000+07:00,"4155.2,4228.4,4145.5,4219"
2014-11-17T07:00:00.000+07:00,"4218.8,4283,4193.3,4248.4"
2014-11-24T07:00:00.000+07:00,"4248.5,4346.3,4246,4321.6"
2014-12-01T07:00:00.000+07:00,"4321.4,4333.6,4272.1,4312.4"
2014-12-08T07:00:00.000+07:00,"4312.5,4319.3,4181.9,4185.3"
2014-12-15T07:00:00.000+07:00,"4185.6,4301.9,4082.9,4283.8"
2014-12-22T07:00:00.000+07:00,"4283.6,4321.9,4272.1,4313.5"
2014-12-29T07:00:00.000+07:00,"4313.7,4320.7,4204.1,4207.3"
2015-01-05T07:00:00.000+07:00,"4207,4257.8,4087.5,4202.8"
2015-01-12T07:00:00.000+07:00,"4202.9,4253.4,4048.1,4134.5"
2015-01-19T07:00:00.000+07:00,"4134.4,4292.6,4116.1,4239.8"
2015-01-26T07:00:00.000+07:00,"4239.6,4284.1,4102.4,4142.6"
2015-02-02T07:00:00.000+07:00,"4142.8,4271.2,4093.1,4215.1"
2015-02-09T07:00:00.000+07:00,"4215.7,4384,4203.9,4370.6"
2015-02-16T07:00:00.000+07:00,"4370.5,4445,4363.6,4441.4"
2015-02-23T07:00:00.000+07:00,"4441.2,4464.1,4427.5,4451.2"
2015-03-02T07:00:00.000+07:00,"4451.3,4482.4,4389.2,4403.2"
2015-03-09T07:00:00.000+07:00,"4403.1,4423.8,4288.3,4302.1"
2015-03-16T07:00:00.000+07:00,"4302.3,4479.2,4298.1,4461.4"
2015-03-23T07:00:00.000+07:00,"4461.2,4468.1,4276.6,4329.4"
2015-03-30T06:00:00.000+07:00,"4329.5,4387.4,4268.8,4274.5"
2015-04-06T06:00:00.000+07:00,"4274.6,4425,4272.8,4423.3"
2015-04-13T06:00:00.000+07:00,"4423,4448.4,4331.9,4363.3"
2015-04-20T06:00:00.000+07:00,"4363.4,4543.2,4359.8,4540.2"
2015-04-27T06:00:00.000+07:00,"4540.1,4562.3,4393.3,4472.9"
2015-05-04T06:00:00.000+07:00,"4473,4510.8,4336.3,4454.1"
2015-05-11T06:00:00.000+07:00,"4454.2,4510.5,4377.8,4490.7"
2015-05-18T06:00:00.000+07:00,"4490.6,4543.2,4473.6,4530"
2015-05-25T06:00:00.000+07:00,"4530.1,4551.4,4456.5,4517.8"
2015-06-01T06:00:00.000+07:00,"4517.7,4540.6,4450.2,4480.6"
2015-06-08T06:00:00.000+07:00,"4480.5,4511.7,4391.2,4433.1"
2015-06-15T06:00:00.000+07:00,"4433.3,4544.8,4392.8,4523.8"
2015-06-22T06:00:00.000+07:00,"4523.9,4561,4406.8,4421.4"
2015-06-29T06:00:00.000+07:00,"4421.5,4458.1,4353.4,4372.6"
2015-07-06T06:00:00.000+07:00,"4372.7,4455.6,4339.4,4393.1"
2015-07-13T06:00:00.000+07:00,"4393.3,4661.2,4393.3,4659.6"
2015-07-20T06:00:00.000+07:00,"4659.7,4694.4,4552.1,4567.8"
2015-07-27T06:00:00.000+07:00,"4567.9,4616.4,4504.4,4593"
2015-08-03T06:00:00.000+07:00,"4593.1,4635.3,4484.9,4519.8"
2015-08-10T06:00:00.000+07:00,"4519.9,4587.8,4436.1,4537"
2015-08-17T06:00:00.000+07:00,"4537.1,4574.2,4152.4,4168"
2015-08-24T06:00:00.000+07:00,"4168.1,4342.6,3905.2,4280.6"
2015-08-31T06:00:00.000+07:00,"4280.7,4325.5,4120.7,4209.4"
2015-09-07T06:00:00.000+07:00,"4209.5,4370,4197.4,4332.4"
2015-09-14T06:00:00.000+07:00,"4332.7,4450.8,4290,4331.1"
2015-09-21T06:00:00.000+07:00,"4331.3,4372.9,4192.7,4201.5"
2015-09-28T06:00:00.000+07:00,"4201.8,4273.6,4052.1,4262.1"
2015-10-05T06:00:00.000+07:00,"4262.2,4378.8,4262.1,4357.8"
2015-10-12T06:00:00.000+07:00,"4358,4447.5,4326.7,4443.5"
2015-10-19T06:00:00.000+07:00,"4443.6,4645.6,4403.2,4616.2"
2015-10-26T07:00:00.000+07:00,"4616.1,4697.9,4600.3,4641.9"
2015-11-02T07:00:00.000+07:00,"4642,4736.4,4633,4705.3"
2015-11-09T07:00:00.000+07:00,"4705,4716.3,4456.3,4472.1"
2015-11-16T07:00:00.000+07:00,"4471.6,4696.9,4471.5,4694.1"
2015-11-23T07:00:00.000+07:00,"4693.9,4707,4620.6,4677.4"
2015-11-30T07:00:00.000+07:00,"4677.7,4738.7,4578.9,4714.1"
2015-12-07T07:00:00.000+07:00,"4714.2,4729.1,4526.5,4542.9"
2015-12-14T07:00:00.000+07:00,"4543.1,4687.2,4477.2,4524.3"
2015-12-21T07:00:00.000+07:00,"4523.9,4636.4,4518.4,4619.9"
2015-12-28T07:00:00.000+07:00,"4619.8,4702.6,4578.7,4604.9"
2016-01-04T07:00:00.000+07:00,"4605,4609.9,4235.6,4240.2"
2016-01-11T07:00:00.000+07:00,"4240.3,4372.3,4084.1,4137.5"
2016-01-18T07:00:00.000+07:00,"4137.8,4266.9,3991.6,4255"
2016-01-25T07:00:00.000+07:00,"4254.9,4279.4,4110.3,4268.9"
2016-02-01T07:00:00.000+07:00,"4269.2,4316.2,4006.4,4022.9"
2016-02-08T07:00:00.000+07:00,"4023.4,4050,3866.7,4036.4"
2016-02-15T07:00:00.000+07:00,"4036.6,4228.3,4032.4,4149.5"
2016-02-22T07:00:00.000+07:00,"4149.2,4294.1,4086.7,4221.7"
2016-02-29T07:00:00.000+07:00,"4221.6,4357.8,4180.7,4317.8"
2016-03-07T07:00:00.000+07:00,"4317.5,4361.4,4230.3,4352.7"
2016-03-14T07:00:00.000+07:00,"4352.4,4420.7,4338.7,4399.9"
2016-03-21T07:00:00.000+07:00,"4400,4450.3,4374.6,4413.1"
2016-03-28T06:00:00.000+07:00,"4413.2,4536.2,4383.1,4530.6"
2016-04-04T06:00:00.000+07:00,"4530.7,4550.3,4458.4,4474.2"
2016-04-11T06:00:00.000+07:00,"4474.1,4569.6,4433.6,4521.3"
2016-04-18T06:00:00.000+07:00,"4521.5,4591.1,4438,4479.5"
2016-04-25T06:00:00.000+07:00,"4479.4,4496.6,4304.9,4336.7"
2016-05-02T06:00:00.000+07:00,"4337.3,4387.1,4276.3,4340.1"
2016-05-09T06:00:00.000+07:00,"4340.3,4407.8,4307.9,4314.7"
2016-05-16T06:00:00.000+07:00,"4314.8,4396.2,4282.4,4366.8"
2016-05-23T06:00:00.000+07:00,"4366.6,4516.9,4342.5,4516.1"
2016-05-30T06:00:00.000+07:00,"4516.2,4535.8,4478.4,4511.2"
2016-06-06T06:00:00.000+07:00,"4510.9,4545.1,4446.7,4453.7"
2016-06-13T06:00:00.000+07:00,"4454,4461.7,4359.8,4405.4"
2016-06-20T06:00:00.000+07:00,"4405.2,4501.8,4236.1,4246.9"
2016-06-27T06:00:00.000+07:00,"4246.5,4453.7,4177.8,4442"
2016-07-04T06:00:00.000+07:00,"4442.1,4529.8,4372.1,4523.5"
2016-07-11T06:00:00.000+07:00,"4523.3,4614,4523,4595.1"
2016-07-18T06:00:00.000+07:00,"4595,4671.5,4585.3,4665.5"
2016-07-25T06:00:00.000+07:00,"4665.4,4744.4,4646.6,4738.4"
2016-08-01T06:00:00.000+07:00,"4738.5,4799.9,4688,4790.3"
2016-08-08T06:00:00.000+07:00,"4790.2,4813.5,4768.4,4808.9"
2016-08-15T06:00:00.000+07:00,"4808.8,4837.2,4771.8,4807.7"
2016-08-22T06:00:00.000+07:00,"4807.8,4836.7,4756.4,4777.2"
2016-08-29T06:00:00.000+07:00,"4777.7,4816.5,4748.5,4799.1"
2016-09-05T06:00:00.000+07:00,"4799,4839.2,4653.8,4664"
2016-09-12T06:00:00.000+07:00,"4664.1,4826.7,4628.3,4815.3"
2016-09-19T06:00:00.000+07:00,"4815.4,4895.8,4786.4,4860.3"
2016-09-26T06:00:00.000+07:00,"4860.6,4889.6,4804.4,4874.3"
2016-10-03T06:00:00.000+07:00,"4874.1,4891.9,4838.9,4874.9"
2016-10-10T06:00:00.000+07:00,"4875.1,4904.7,4760,4793"
2016-10-17T06:00:00.000+07:00,"4792.8,4861,4785.5,4856.4"
2016-10-24T06:00:00.000+07:00,"4856.2,4923.4,4792.1,4807.5"
2016-10-31T07:00:00.000+07:00,"4807.4,4834.9,4653.5,4724.2"
2016-11-07T07:00:00.000+07:00,"4724.3,4883.5,4560.5,4769.8"
2016-11-14T07:00:00.000+07:00,"4769.7,4840.7,4676.4,4809.3"
2016-11-21T07:00:00.000+07:00,"4809.4,4884.4,4803,4860.7"
2016-11-28T07:00:00.000+07:00,"4861,4897.3,4700.8,4713.3"
2016-12-05T07:00:00.000+07:00,"4713.5,4916.4,4711,4901.1"
2016-12-12T07:00:00.000+07:00,"4901,4962.1,4853,4920.4"
2016-12-19T07:00:00.000+07:00,"4920.5,4964.3,4911.3,4937.6"
2016-12-26T07:00:00.000+07:00,"4938.6,4992.2,4850.2,4861.4"
2017-01-02T07:00:00.000+07:00,"4860.1,5021,4855.6,5013.5"
2017-01-09T07:00:00.000+07:00,"5013.2,5066.7,4993.6,5054"
2017-01-16T07:00:00.000+07:00,"5053.9,5086.4,5028.7,5047.8"
2017-01-23T07:00:00.000+07:00,"5048,5172,5034.2,5149.1"
2017-01-30T07:00:00.000+07:00,"5149.2,5166.2,5085.9,5153.4"
2017-02-06T07:00:00.000+07:00,"5153.3,5234.3,5143.9,5232.6"
2017-02-13T07:00:00.000+07:00,"5232.7,5326.4,5227.6,5320"
2017-02-20T07:00:00.000+07:00,"5319.7,5359.4,5297,5346.3"
2017-02-27T07:00:00.000+07:00,"5346.2,5398.5,5315.5,5347.2"
2017-03-06T07:00:00.000+07:00,"5347.3,5394.1,5332.3,5372.1"
2017-03-13T07:00:00.000+07:00,"5372.2,5434.2,5359.1,5403.1"
2017-03-20T07:00:00.000+07:00,"5402.6,5438.7,5313.1,5341.5"
2017-03-27T06:00:00.000+07:00,"5341.3,5450.9,5314.6,5440.6"
2017-04-03T06:00:00.000+07:00,"5440.4,5480,5381,5423"
2017-04-10T06:00:00.000+07:00,"5423.1,5442.3,5348.1,5352.2"
2017-04-17T06:00:00.000+07:00,"5352.1,5500.2,5347.3,5487.7"
2017-04-24T06:00:00.000+07:00,"5487.8,5600.4,5483.6,5579.3"
2017-05-01T06:00:00.000+07:00,"5579.5,5659,5578.8,5643"
2017-05-08T06:00:00.000+07:00,"5643.1,5692.2,5633.2,5690.4"
2017-05-15T06:00:00.000+07:00,"5690.6,5724.9,5546.6,5655.2"
2017-05-22T06:00:00.000+07:00,"5655,5799.4,5645.4,5798.8"
2017-05-29T06:00:00.000+07:00,"5798.5,5883.3,5761,5877.8"
2017-06-05T06:00:00.000+07:00,"5877.7,5897.2,5659.1,5730.9"
2017-06-12T06:00:00.000+07:00,"5730.7,5778.8,5633.1,5681.8"
2017-06-19T06:00:00.000+07:00,"5681.7,5810.9,5680.6,5799.4"
2017-06-26T06:00:00.000+07:00,"5799.2,5847.7,5598,5661.7"
2017-07-03T06:00:00.000+07:00,"5662,5687.2,5556.5,5656"
2017-07-10T06:00:00.000+07:00,"5655.8,5851.2,5647.8,5847.9"
2017-07-17T06:00:00.000+07:00,"5848.2,5935.6,5817.9,5917"
2017-07-24T06:00:00.000+07:00,"5916.9,5995,5845.2,5904.6"
2017-07-31T06:00:00.000+07:00,"5904.8,5946.9,5856.6,5903.9"
2017-08-07T06:00:00.000+07:00,"5903.8,5974.1,5759.1,5848.4"
2017-08-14T06:00:00.000+07:00,"5848.9,5945.6,5769,5806.4"
2017-08-21T06:00:00.000+07:00,"5806.3,5879.1,5748.9,5818.8"
2017-08-28T06:00:00.000+07:00,"5818.6,6016.6,5773.6,5960.8"
2017-09-04T06:00:00.000+07:00,"5960.7,5981.4,5887.1,5939.6"
2017-09-11T06:00:00.000+07:00,"5939.9,6011.5,5937.6,5993.2"
2017-09-18T06:00:00.000+07:00,"5993.5,6011.9,5905.9,5934.1"
2017-09-25T06:00:00.000+07:00,"5933.9,5995,5837.4,5988.2"
2017-10-02T06:00:00.000+07:00,"5988.1,6065.7,5953.9,6061.3"
2017-10-09T06:00:00.000+07:00,"6061.6,6103.2,6035.3,6101.9"
2017-10-16T06:00:00.000+07:00,"6101.7,6129.7,6049.2,6115.2"
2017-10-23T06:00:00.000+07:00,"6115.4,6225.8,6011.1,6208"
2017-10-30T07:00:00.000+07:00,"6208.1,6297.1,6191.7,6294.1"
2017-11-06T07:00:00.000+07:00,"6294,6351.6,6246.9,6317.3"
2017-11-13T07:00:00.000+07:00,"6317.4,6352.3,6226.3,6307.5"
2017-11-20T07:00:00.000+07:00,"6307.8,6415.5,6286.4,6413"
2017-11-27T07:00:00.000+07:00,"6412.9,6425.4,6243,6376.1"
2017-12-04T07:00:00.000+07:00,"6376.2,6381.2,6228.7,6347.1"
2017-12-11T07:00:00.000+07:00,"6347.3,6494.4,6339.1,6492.9"
2017-12-18T07:00:00.000+07:00,"6492.7,6525.5,6446.6,6459.3"
2017-12-25T07:00:00.000+07:00,"6463.9,6468.6,6374.2,6375.7"
2018-01-01T07:00:00.000+07:00,"6394.3,6668.8,6388.1,6661.6"
2018-01-08T07:00:00.000+07:00,"6661.4,6778,6617.4,6776.3"
2018-01-15T07:00:00.000+07:00,"6776.1,6844.6,6718.9,6826.2"
2018-01-22T07:00:00.000+07:00,"6826,7034.4,6819.4,7032.3"
2018-01-29T07:00:00.000+07:00,"7032.4,7038.3,6703.3,6720.5"
2018-02-05T07:00:00.000+07:00,"6719.2,6808.3,6163.1,6437.5"
2018-02-12T07:00:00.000+07:00,"6437.4,6854,6423.1,6796"
2018-02-19T07:00:00.000+07:00,"6795.5,6920.2,6689.3,6909"
2018-02-26T07:00:00.000+07:00,"6908.9,7002.7,6641.8,6790.3"
2018-03-05T07:00:00.000+07:00,"6792.2,7119.7,6740,7116.1"
2018-03-12T07:00:00.000+07:00,"7116.2,7185.5,6999.9,7013.3"
2018-03-19T07:00:00.000+07:00,"7013.4,7017.7,6506.1,6524"
2018-03-26T06:00:00.000+07:00,"6523.9,6832.1,6407.9,6556.2"
2018-04-02T06:00:00.000+07:00,"6556,6641.7,6294.5,6446.3"
2018-04-09T06:00:00.000+07:00,"6456.6,6702.5,6451.4,6681.4"
2018-04-16T06:00:00.000+07:00,"6681.8,6857.4,6629.7,6690"
2018-04-23T06:00:00.000+07:00,"6690.1,6766.9,6424.2,6677.7"
2018-04-30T06:00:00.000+07:00,"6677.6,6786.8,6538.1,6779.3"
2018-05-07T06:00:00.000+07:00,"6779.8,6972.6,6768,6967.4"
2018-05-14T06:00:00.000+07:00,"6967.2,7009.2,6851.3,6913.8"
2018-05-21T06:00:00.000+07:00,"6914,6997.6,6822.4,6974"
2018-05-28T06:00:00.000+07:00,"6974.6,7085.4,6884.6,7068.9"
2018-06-04T06:00:00.000+07:00,"7069.2,7230.1,7067.2,7133.3"
2018-06-11T06:00:00.000+07:00,"7133.4,7292.9,7125.8,7258.8"
2018-06-18T06:00:00.000+07:00,"7258.7,7332.6,7135.7,7196.5"
2018-06-25T06:00:00.000+07:00,"7196.4,7198.2,6934.3,7049.6"
2018-07-02T06:00:00.000+07:00,"7049.5,7217.9,6967,7215.9"
2018-07-09T06:00:00.000+07:00,"7215.8,7395.5,7185.4,7391.9"
2018-07-16T06:00:00.000+07:00,"7391.7,7419.8,7274.5,7356"
2018-07-23T06:00:00.000+07:00,"7356.1,7516.4,7252.5,7282.5"
2018-07-30T06:00:00.000+07:00,"7281.8,7405.9,7157,7395.1"
2018-08-06T06:00:00.000+07:00,"7395.2,7498.3,7379,7402.5"
2018-08-13T06:00:00.000+07:00,"7402.4,7470.1,7306.2,7388"
2018-08-20T06:00:00.000+07:00,"7388.2,7507.8,7341,7505.1"
2018-08-27T06:00:00.000+07:00,"7505.2,7690.4,7503.2,7659.6"
2018-09-03T06:00:00.000+07:00,"7660,7685.9,7388.7,7440.7"
2018-09-10T06:00:00.000+07:00,"7440.6,7594.5,7399.9,7525.3"
2018-09-17T06:00:00.000+07:00,"7525.6,7605,7390.7,7486.7"
2018-09-24T06:00:00.000+07:00,"7486.6,7658.9,7445.4,7654.9"
2018-10-01T06:00:00.000+07:00,"7654.8,7701.4,7324.7,7415.5"
2018-10-08T06:00:00.000+07:00,"7415.4,7431.3,6889.2,7136.8"
2018-10-15T06:00:00.000+07:00,"7136.7,7350.4,7044.3,7063.4"
2018-10-22T06:00:00.000+07:00,"7063.3,7195.7,6724.5,6913.1"
2018-10-29T07:00:00.000+07:00,"6913,7135.2,6572.5,6951.1"
2018-11-05T07:00:00.000+07:00,"6951.3,7217.9,6859.1,7025.3"
2018-11-12T07:00:00.000+07:00,"7024.8,7095.3,6698.7,6856.8"
2018-11-19T07:00:00.000+07:00,"6856.7,6923.1,6440.1,6545"
2018-11-26T07:00:00.000+07:00,"6545.1,7097.1,6541.7,7078"
2018-12-03T07:00:00.000+07:00,"7078.6,7132.7,6554.4,6567.9"
2018-12-10T07:00:00.000+07:00,"6568.1,6867.5,6532.3,6610.5"
2018-12-17T07:00:00.000+07:00,"6611.1,6632.7,5996,6043.9"
2018-12-24T07:00:00.000+07:00,"6044,6389.4,5801.3,6328.1"
2018-12-31T07:00:00.000+07:00,"6328.4,6450.1,6125.1,6434.3"
2019-01-07T07:00:00.000+07:00,"6434.8,6631.8,6386.3,6567.4"
2019-01-14T07:00:00.000+07:00,"6567.3,6818.8,6511.1,6769.4"
2019-01-21T07:00:00.000+07:00,"6769.1,6802.4,6582.5,6766"
2019-01-28T07:00:00.000+07:00,"6765.9,6937.3,6609.5,6873.4"
2019-02-04T07:00:00.000+07:00,"6873.3,7033.6,6834.9,6905.8"
2019-02-11T07:00:00.000+07:00,"6905.9,7088.4,6888.6,7060.7"
2019-02-18T07:00:00.000+07:00,"7060.9,7119.6,6997.9,7111.8"
2019-02-25T07:00:00.000+07:00,"7112.1,7201,7043.3,7197.4"
2019-03-04T07:00:00.000+07:00,"7197.5,7206.9,6935.5,7014.8"
2019-03-11T07:00:00.000+07:00,"7014.9,7331.2,6994.6,7307.3"
2019-03-18T07:00:00.000+07:00,"7307.4,7513,7291.4,7327.4"
2019-03-25T07:00:00.000+07:00,"7278.7,7429.1,7250,7423.7"
2019-04-01T06:00:00.000+07:00,"7423.6,7590.7,7420.2,7582.5"
2019-04-08T06:00:00.000+07:00,"7582.1,7641.7,7535.5,7623.7"
2019-04-15T06:00:00.000+07:00,"7623.8,7710.6,7576.5,7701"
2019-04-22T06:00:00.000+07:00,"7700.9,7859.6,7649.4,7819.8"
2019-04-29T06:00:00.000+07:00,"7819.7,7857.1,7669.3,7733.3"
2019-05-06T06:00:00.000+07:00,"7733.6,7804.5,7424.7,7523.9"
2019-05-13T06:00:00.000+07:00,"7523.6,7627.5,7280.1,7509.1"
2019-05-20T06:00:00.000+07:00,"7508.6,7546.1,7259.7,7305.3"
2019-05-27T06:00:00.000+07:00,"7305.4,7363.4,7070.8,7077.6"
2019-06-03T06:00:00.000+07:00,"7077.7,7477.5,6935.7,7459.8"
2019-06-10T06:00:00.000+07:00,"7459.7,7595.7,7416.5,7487.9"
2019-06-17T06:00:00.000+07:00,"7487.8,7790.2,7478.8,7739.5"
2019-06-24T06:00:00.000+07:00,"7739.4,7797.1,7581.6,7774.1"
2019-07-01T06:00:00.000+07:00,"7774,7881.6,7732.7,7828.7"
2019-07-08T06:00:00.000+07:00,"7828.8,7944.3,7718.8,7935.4"
2019-07-15T06:00:00.000+07:00,"7935.3,7978.5,7799,7828.3"
2019-07-22T06:00:00.000+07:00,"7828.4,8034.4,7815.9,8006.9"
2019-07-29T06:00:00.000+07:00,"8006.8,8016.8,7642.4,7681.5"
2019-08-05T06:00:00.000+07:00,"7679.8,7728.5,7216.4,7654.8"
2019-08-12T06:00:00.000+07:00,"7654.7,7779.8,7377.4,7633"
2019-08-19T06:00:00.000+07:00,"7632.9,7771.4,7350.3,7393.3"
2019-08-26T06:00:00.000+07:00,"7396.6,7763.5,7384,7616.5"
2019-09-02T06:00:00.000+07:00,"7616.6,7889.5,7576.2,7862.9"
2019-09-09T06:00:00.000+07:00,"7862.8,7977.7,7740.4,7830.6"
2019-09-16T06:00:00.000+07:00,"7830.7,7949.8,7772.6,7861.4"
2019-09-23T06:00:00.000+07:00,"7861.9,7879.9,7624,7696"
2019-09-30T06:00:00.000+07:00,"7696.1,7822.2,7460,7725.3"
2019-10-07T06:00:00.000+07:00,"7725.4,7904.9,7570.2,7869.5"
2019-10-14T06:00:00.000+07:00,"7869.4,7983.1,7793.5,7874.9"
2019-10-21T06:00:00.000+07:00,"7876,8053.5,7799.9,8048"
2019-10-28T07:00:00.000+07:00,"8048.2,8175.5,8012.9,8171.4"
2019-11-04T07:00:00.000+07:00,"8171.5,8274.4,8155.6,8243.8"
2019-11-11T07:00:00.000+07:00,"8243.6,8316.9,8199,8303.2"
2019-11-18T07:00:00.000+07:00,"8303.4,8372.7,8222.5,8300.3"
2019-11-25T07:00:00.000+07:00,"8300.2,8454.4,8294.8,8426.2"
2019-12-02T07:00:00.000+07:00,"8426.3,8452.1,8165.2,8400.4"
2019-12-09T07:00:00.000+07:00,"8400.3,8519.5,8292.5,8504.8"
2019-12-16T07:00:00.000+07:00,"8505.2,8693.3,8504.5,8692.2"
2019-12-23T07:00:00.000+07:00,"8692.3,8817.4,8679.8,8774.7"
2019-12-30T07:00:00.000+07:00,"8774.6,8905.4,8668.9,8760.5"
2020-01-06T07:00:00.000+07:00,"8760.3,9038.1,8661.6,8970.6"
2020-01-13T07:00:00.000+07:00,"8970.8,9176.8,8968.5,9171.8"
2020-01-20T07:00:00.000+07:00,"9172,9275.9,8983.2,9003.7"
2020-01-27T07:00:00.000+07:00,"9003.8,9240.4,8915.7,9014.2"
2020-02-03T07:00:00.000+07:00,"9013.3,9460.4,9004.8,9345.6"
2020-02-10T07:00:00.000+07:00,"9346.6,9659.4,9346.1,9654.6"
2020-02-17T07:00:00.000+07:00,"9654.5,9751.3,9282.2,9301.6"
2020-02-24T07:00:00.000+07:00,"9301.7,9315.9,8122.3,8354.1"
2020-03-02T07:00:00.000+07:00,"8353.9,9001.3,8101,8113.7"
2020-03-09T07:00:00.000+07:00,"8113.5,8384.4,6945.5,7557.7"
2020-03-16T07:00:00.000+07:00,"7559.9,7645.5,6639.2,6695.9"
2020-03-23T07:00:00.000+07:00,"6699.6,7907.3,6640.4,7458.3"
2020-03-30T06:00:00.000+07:00,"7458.1,8014,7392.2,7640.6"
2020-04-06T06:00:00.000+07:00,"7640.3,8337.5,7638.1,8151.5"
2020-04-13T06:00:00.000+07:00,"8151.8,8976.7,8098,8763.4"
2020-04-20T06:00:00.000+07:00,"8763.3,8857,8356.5,8743.4"
2020-04-27T06:00:00.000+07:00,"8743.6,9155.1,8604.3,8620.6"
2020-05-04T06:00:00.000+07:00,"8621.5,9245,8569.3,9223.6"
2020-05-11T06:00:00.000+07:00,"9224.4,9352.7,8856.1,9165.8"
2020-05-18T06:00:00.000+07:00,"9165.9,9513.7,9163.6,9452.3"
2020-05-25T06:00:00.000+07:00,"9451.4,9607.4,9177.5,9496.5"
2020-06-01T06:00:00.000+07:00,"9496.3,9863,9481.5,9853"
2020-06-08T06:00:00.000+07:00,"9852.8,10156.1,9496.9,9578.2"
2020-06-15T06:00:00.000+07:00,"9578.1,10122.8,9383.7,9909.1"
2020-06-22T06:00:00.000+07:00,"9909.3,10307.7,9793,9839.9"
2020-06-29T06:00:00.000+07:00,"9839.7,10433.4,9742.8,10398"
2020-07-06T06:00:00.000+07:00,"10398.3,10921.2,10391.4,10908.7"
2020-07-13T06:00:00.000+07:00,"10909.1,11072.2,10373.3,10654.1"
2020-07-20T06:00:00.000+07:00,"10654.3,11069.8,10317.3,10456.9"
2020-07-27T06:00:00.000+07:00,"10457,10949.6,10414.5,10922.3"
2020-08-03T06:00:00.000+07:00,"10923.1,11290,10894.8,11090.3"
2020-08-10T06:00:00.000+07:00,"11090.4,11273.3,10855.5,11158"
2020-08-17T06:00:00.000+07:00,"11158.4,11590.8,11153.7,11586.9"
2020-08-24T06:00:00.000+07:00,"11587.1,12049.8,11532,12028"
2020-08-31T06:00:00.000+07:00,"12027.9,12465.3,11144.9,11418.3"
2020-09-07T06:00:00.000+07:00,"11420.9,11585.4,10921.6,11180.1"
2020-09-14T06:00:00.000+07:00,"11180.7,11549.3,10763.1,10930.8"
2020-09-21T06:00:00.000+07:00,"10931.8,11238,10676.4,11182.1"
2020-09-28T06:00:00.000+07:00,"11183.6,11613.3,11153.6,11322.3"
2020-10-05T06:00:00.000+07:00,"11322.1,11756.9,11213.6,11751.5"
2020-10-12T06:00:00.000+07:00,"11752,12256,11730.2,11883.7"
2020-10-19T06:00:00.000+07:00,"11883.1,11961.4,11526.1,11638.5"
2020-10-26T07:00:00.000+07:00,"11639,11707.7,10959.8,11012.7"
2020-11-02T07:00:00.000+07:00,"11012.8,12262.7,10956.2,12239.6"
2020-11-09T07:00:00.000+07:00,"12239.2,12414.1,11511.3,12050.9"
2020-11-16T07:00:00.000+07:00,"12051.1,12100.7,11806.1,11933.2"
2020-11-23T07:00:00.000+07:00,"11933,12334.7,11809.9,12316.2"
2020-11-30T07:00:00.000+07:00,"12315.2,12568.1,12086.6,12543.3"
2020-12-07T07:00:00.000+07:00,"12542.8,12672.7,12220.3,12416.5"
2020-12-14T07:00:00.000+07:00,"12419,12786.9,12386.2,12749.8"
2020-12-21T07:00:00.000+07:00,"12749.7,12775.2,12461.7,12739.4"
2020-12-28T07:00:00.000+07:00,"12739.7,12924,12730.2,12868.2"
2021-01-04T07:00:00.000+07:00,"12869,13133.3,12500.6,13090.8"
2021-01-11T07:00:00.000+07:00,"13090.4,13104.2,12741.4,12753.4"
2021-01-18T07:00:00.000+07:00,"12753.3,13431.2,12734.4,13406.7"
2021-01-25T07:00:00.000+07:00,"13406.8,13606.8,12738.3,12804.4"
2021-02-01T07:00:00.000+07:00,"12804.6,13655.4,12794.1,13648.7"
2021-02-08T07:00:00.000+07:00,"13648.4,13841.9,13527.7,13830.1"
2021-02-15T07:00:00.000+07:00,"13830.7,13905.1,13472.2,13594.9"
2021-02-22T07:00:00.000+07:00,"13595.1,13631.9,12671.2,13011"
2021-03-01T07:00:00.000+07:00,"13010.7,13333.3,12211.2,12672.3"
2021-03-08T07:00:00.000+07:00,"12671.5,13120.1,12290.6,12962.4"
2021-03-15T07:00:00.000+07:00,"12962.3,13297.7,12698.3,12878.3"
2021-03-22T07:00:00.000+07:00,"12878.2,13184.7,12622.4,12957.3"
2021-03-29T06:00:00.000+07:00,"12957.5,13398.6,12791.2,13329.9"
2021-04-05T06:00:00.000+07:00,"13329.7,13849.5,13320.2,13811.1"
2021-04-12T06:00:00.000+07:00,"13811,14065.5,13742.7,14001.7"
2021-04-19T06:00:00.000+07:00,"14001.8,14061.2,13710.4,13929.7"
2021-04-26T06:00:00.000+07:00,"13929.8,14076.7,13831.4,13891.9"
2021-05-03T06:00:00.000+07:00,"13892,13958.7,13392.3,13742.2"
2021-05-10T06:00:00.000+07:00,"13742.1,13757.2,12922.2,13412.9"
2021-05-17T06:00:00.000+07:00,"13412.8,13572.2,12960.1,13376.1"
2021-05-24T06:00:00.000+07:00,"13376,13767.2,13365.1,13714.1"
2021-05-31T06:00:00.000+07:00,"13714.4,13786.4,13464.4,13773.4"
2021-06-07T06:00:00.000+07:00,"13773.6,14022,13691.1,14017.2"
2021-06-14T06:00:00.000+07:00,"14017.4,14211.2,13838.7,14050.2"
2021-06-21T06:00:00.000+07:00,"14050.3,14432.3,13967,14372.5"
2021-06-28T06:00:00.000+07:00,"14372.3,14736,14342.5,14720.1"
2021-07-05T06:00:00.000+07:00,"14720.6,14892.2,14549.5,14838.9"
2021-07-12T06:00:00.000+07:00,"14839,15003.3,14660.7,14668.6"
2021-07-19T06:00:00.000+07:00,"14668.5,15126.3,14451.7,15117.1"
2021-07-26T06:00:00.000+07:00,"15117.4,15144.3,14781.7,15013.6"
2021-08-02T06:00:00.000+07:00,"15013.7,15183.1,14862.2,15062.1"
2021-08-09T06:00:00.000+07:00,"15062.2,15168,14948.6,15125.6"
2021-08-16T06:00:00.000+07:00,"15125.7,15146.2,14714.1,15119"
2021-08-23T06:00:00.000+07:00,"15118.9,15446.4,15105.9,15440.6"
2021-08-30T06:00:00.000+07:00,"15440.4,15697.7,15421.9,15657.8"
2021-09-06T06:00:00.000+07:00,"15657.7,15707,15433.5,15479.9"
2021-09-13T06:00:00.000+07:00,"15479.8,15564.9,15289.3,15333.6"
2021-09-20T06:00:00.000+07:00,"15333.8,15357.4,14817.6,15319.5"
2021-09-27T06:00:00.000+07:00,"15319.6,15410.9,14548,14832.1"
2021-10-04T06:00:00.000+07:00,"14832.2,15010.7,14382.6,14767.9"
2021-10-11T06:00:00.000+07:00,"14768,15175.1,14598,15125"
2021-10-18T06:00:00.000+07:00,"15125.1,15497.5,15051.4,15331.1"
2021-10-25T06:00:00.000+07:00,"15331.4,15904,15310.8,15889.9"
2021-11-01T07:00:00.000+07:00,"15889.8,16457.1,15779.4,16321.3"
2021-11-08T07:00:00.000+07:00,"16321.4,16402.7,15904.2,16230.5"
2021-11-15T07:00:00.000+07:00,"16230.7,16629.9,16091.1,16590.1"
2021-11-22T07:00:00.000+07:00,"16590.2,16768.8,15947.5,16170.7"
2021-11-29T07:00:00.000+07:00,"16170.6,16456.2,15539.1,15740"
2021-12-06T07:00:00.000+07:00,"15740.8,16434.8,15561.6,16361.1"
2021-12-13T07:00:00.000+07:00,"16361,16458.2,15656.3,15713.3"
2021-12-20T07:00:00.000+07:00,"15713.2,16360.4,15501,16347"
2021-12-27T07:00:00.000+07:00,"16346.5,16659.7,16309.3,16385.7"
2022-01-03T07:00:00.000+07:00,"16386.3,16568.8,15522.6,15570"
2022-01-10T07:00:00.000+07:00,"15570.2,16020.6,15163.7,15592.2"
2022-01-17T07:00:00.000+07:00,"15592,15645.4,14392,14563.6"
2022-01-24T07:00:00.000+07:00,"14563.4,14653.2,13720.4,14412.2"
2022-01-31T07:00:00.000+07:00,"14412.4,15275.2,14374.6,14723.8"
2022-02-07T07:00:00.000+07:00,"14723.9,15077.2,14190.5,14254.2"
2022-02-14T07:00:00.000+07:00,"14255.2,14674.5,13850.3,13861.9"
2022-02-21T07:00:00.000+07:00,"13861.8,14203.4,13031.6,13861.8"
2022-02-28T07:00:00.000+07:00,"13863.1,14396,13565.4,13586.5"
2022-03-07T07:00:00.000+07:00,"13586.1,13881.6,13105,13371.9"
2022-03-14T07:00:00.000+07:00,"13369.9,14445.3,12943.3,14410.3"
2022-03-21T07:00:00.000+07:00,"14410.4,14840.6,14189.4,14726.9"
2022-03-28T06:00:00.000+07:00,"14726.8,15275,14664.7,14838.4"
2022-04-04T06:00:00.000+07:00,"14838.3,15200.9,14305.9,14358.9"
2022-04-11T06:00:00.000+07:00,"14359.6,14364.4,13792,13818"
2022-04-18T06:00:00.000+07:00,"13817.9,14293.2,13287.8,13331.6"
2022-04-25T06:00:00.000+07:00,"13331.4,13581.6,12803.5,12880.9"
2022-05-02T06:00:00.000+07:00,"12880.8,13554,12520.3,12618.8"
2022-05-09T06:00:00.000+07:00,"12618.9,12624.6,11687.9,12451"
2022-05-16T06:00:00.000+07:00,"12451.6,12587.7,11487.4,11929"
2022-05-23T06:00:00.000+07:00,"11929.1,12717.7,11573.8,12704.5"
2022-05-30T06:00:00.000+07:00,"12704.6,12941.1,12439.3,12549.4"
2022-06-06T06:00:00.000+07:00,"12549.6,12808.2,11648.8,11658.8"
2022-06-13T06:00:00.000+07:00,"11658.7,11755.4,11036.1,11381.6"
2022-06-20T06:00:00.000+07:00,"11381.5,12126.4,11236.9,12071.7"
2022-06-27T06:00:00.000+07:00,"12071.5,12224.4,11313.4,11566.5"
2022-07-04T06:00:00.000+07:00,"11566.7,12180,11357.3,12074.3"
2022-07-11T06:00:00.000+07:00,"12074.6,12095.9,11449.9,12016.4"
2022-07-18T06:00:00.000+07:00,"12016.3,12669.1,11830.4,12391.4"
2022-07-25T06:00:00.000+07:00,"12391.3,12985.4,12046.5,12902"
2022-08-01T06:00:00.000+07:00,"12901.9,13363.7,12794,13162.4"
2022-08-08T06:00:00.000+07:00,"13162.5,13561.6,12943.8,13532.4"
2022-08-15T06:00:00.000+07:00,"13532.3,13721.6,13157.6,13178.5"
2022-08-22T06:00:00.000+07:00,"13178.4,13205.2,12452.6,12477.2"
2022-08-29T06:00:00.000+07:00,"12477.5,12645.7,12010.4,12060.7"
2022-09-05T06:00:00.000+07:00,"12060.5,12674.3,11916.9,12636.6"
2022-09-12T06:00:00.000+07:00,"12636.5,12901.8,11705.9,11849"
2022-09-19T06:00:00.000+07:00,"11848,12068.6,11166.8,11292.2"
2022-09-26T06:00:00.000+07:00,"11292,11547.6,10921.7,10965.1"
2022-10-03T06:00:00.000+07:00,"10965.2,11667.6,10833.2,10944.2"
2022-10-10T06:00:00.000+07:00,"10944.3,11199.6,10432.1,10743.8"
2022-10-17T06:00:00.000+07:00,"10743.9,11484.8,10714.7,11431.8"
2022-10-24T06:00:00.000+07:00,"11431.1,11685.6,10882.4,11513.8"
2022-10-31T07:00:00.000+07:00,"11514.9,11578.3,10601.5,10758.2"
2022-11-07T07:00:00.000+07:00,"10758.6,11841.5,10747.5,11774.2"
2022-11-14T07:00:00.000+07:00,"11773.7,12083.2,11489.9,11677.9"
2022-11-21T07:00:00.000+07:00,"11678,11908.3,11495.4,11704.7"
2022-11-28T07:00:00.000+07:00,"11705.1,12116.8,11443.2,11982.3"
2022-12-05T07:00:00.000+07:00,"11982.4,11990.2,11408.9,11527.9"
2022-12-12T07:00:00.000+07:00,"11527.8,12257.3,11170,11245.4"
2022-12-19T07:00:00.000+07:00,"11245.6,11303.9,10779.6,10971.7"
2022-12-26T07:00:00.000+07:00,"10972.7,11089.7,10669,10953.5"
2023-01-02T07:00:00.000+07:00,"11032,11095.4,10673.5,11063.8"
2023-01-09T07:00:00.000+07:00,"11064,11549.6,11016.1,11516.9"
2023-01-16T07:00:00.000+07:00,"11516.8,11690.8,11247.7,11595.9"
2023-01-23T07:00:00.000+07:00,"11595.8,12250.9,11547.5,12146.1"
2023-01-30T07:00:00.000+07:00,"12146,12895,11815.6,12539.2"
2023-02-06T07:00:00.000+07:00,"12538.6,12775.9,12202,12263.5"
2023-02-13T07:00:00.000+07:00,"12264.8,12746.2,12222.1,12323.4"
2023-02-20T07:00:00.000+07:00,"12322.9,12381.1,11894.4,11990.7"
2023-02-27T07:00:00.000+07:00,"11991,12307.7,11807.6,12271.4"
2023-03-06T07:00:00.000+07:00,"12271.3,12467,11788.8,11981.6"
2023-03-13T07:00:00.000+07:00,"11981.2,12672.5,11673.6,12577.4"
2023-03-20T07:00:00.000+07:00,"12577.3,12946.7,12396.7,12808.6"
2023-03-27T06:00:00.000+07:00,"12808.9,13188.1,12515.7,13134.5"
2023-04-03T06:00:00.000+07:00,"13134.4,13225.4,12841.5,13069.4"
2023-04-10T06:00:00.000+07:00,"13069.5,13151,12817.1,13093.1"
2023-04-17T06:00:00.000+07:00,"13093.2,13198.1,12892.2,12980.6"
2023-04-24T06:00:00.000+07:00,"12980.8,13258.7,12719.3,13233.4"
2023-05-01T06:00:00.000+07:00,"13233.2,13292.4,12937.5,13252"
2023-05-08T06:00:00.000+07:00,"13252.1,13433.9,13138.9,13299.2"
2023-05-15T06:00:00.000+07:00,"13299.3,13903.8,13290.9,13782.2"
2023-05-22T06:00:00.000+07:00,"13782.5,14395.9,13519.8,14371"
2023-05-29T06:00:00.000+07:00,"14371.2,14593.9,14207.4,14535.9"
2023-06-05T06:00:00.000+07:00,"14535.1,14673.1,14232.1,14582.2"
2023-06-12T06:00:00.000+07:00,"14582.1,15283.3,14563.7,15130.6"
2023-06-19T06:00:00.000+07:00,"15130.8,15137.3,14787.2,14933.4"
2023-06-26T06:00:00.000+07:00,"14933.3,15218.7,14687.6,15175.8"
2023-07-03T06:00:00.000+07:00,"15175.9,15280.9,14970.4,15050.9"
2023-07-10T06:00:00.000+07:00,"15050.5,15722.3,14919.4,15544.1"
2023-07-17T06:00:00.000+07:00,"15544.2,15931.8,15406.7,15430.8"
2023-07-24T06:00:00.000+07:00,"15430.9,15814.4,15371.5,15799.6"
2023-07-31T06:00:00.000+07:00,"15800.1,15807.2,15247.4,15320.1"
2023-08-07T06:00:00.000+07:00,"15320,15415.7,14967.1,15075.1"
2023-08-14T06:00:00.000+07:00,"15074.6,15267.6,14552.6,14719.3"
2023-08-21T06:00:00.000+07:00,"14719.6,15368.2,14668.1,14970.8"
2023-08-28T06:00:00.000+07:00,"14970.6,15627.8,14935.9,15483.8"
2023-09-04T06:00:00.000+07:00,"15484.4,15558.9,15134.2,15311.1"
2023-09-11T06:00:00.000+07:00,"15310.4,15519.2,15170.3,15220.6"
2023-09-18T06:00:00.000+07:00,"15220.5,15270.1,14667.6,14736.5"
2023-09-25T06:00:00.000+07:00,"14736.7,14904.5,14429.6,14794.1"
2023-10-02T06:00:00.000+07:00,"14794.3,15021.8,14440.8,14880.5"
2023-10-09T06:00:00.000+07:00,"14880.6,15339.2,14815.4,15027.6"
2023-10-16T06:00:00.000+07:00,"15027.8,15211.3,14545.7,14602.1"
2023-10-23T06:00:00.000+07:00,"14601.5,14848.5,14054.8,14248.8"
2023-10-30T07:00:00.000+07:00,"14248.9,15149,14220.9,15097.6"
2023-11-06T07:00:00.000+07:00,"15097.8,15542.8,15059.8,15492.9"
2023-11-13T07:00:00.000+07:00,"15493,15977.5,15399.2,15805.9"
2023-11-20T07:00:00.000+07:00,"15806.1,16125.6,15779.4,15944.6"
2023-11-27T07:00:00.000+07:00,"15944.5,16167.2,15822.8,15959.7"
2023-12-04T07:00:00.000+07:00,"15960.4,16102.8,15690.9,16089.5"
2023-12-11T07:00:00.000+07:00,"16089.4,16678.5,16030.6,16611.8"
2023-12-18T07:00:00.000+07:00,"16611.6,16863,16550.2,16760.3"
2023-12-25T07:00:00.000+07:00,"16788.4,16977.6,16752.9,16813.9"
2024-01-01T07:00:00.000+07:00,"16831.6,16849.7,16176.2,16325.9"
2024-01-08T07:00:00.000+07:00,"16326,16911.2,16221.8,16803.3"
2024-01-15T07:00:00.000+07:00,"16803.9,17367.3,16558.2,17354.2"
2024-01-22T07:00:00.000+07:00,"17354.1,17667.7,17285.7,17368.8"
2024-01-29T07:00:00.000+07:00,"17369,17681.4,17117.5,17616.9"
2024-02-05T07:00:00.000+07:00,"17616.8,17988.7,17463.9,17954.6"
2024-02-12T07:00:00.000+07:00,"17954.9,18042.6,17476.5,17714.4"
2024-02-19T07:00:00.000+07:00,"17714.5,18096.5,17313.8,17934.9"
2024-02-26T07:00:00.000+07:00,"17934.8,18333.8,17789.4,18307.1"
2024-03-04T07:00:00.000+07:00,"18307.8,18417.7,17803.8,18025.6"
2024-03-11T07:00:00.000+07:00,"18025.3,18247.4,17761.5,17834.7"
2024-03-18T07:00:00.000+07:00,"17834.6,18466.3,17809.5,18350"
2024-03-25T07:00:00.000+07:00,"18349.9,18388,18155.8,18355.2"
2024-04-01T06:00:00.000+07:00,"18355.1,18394.7,17862.3,18112.3"
2024-04-08T06:00:00.000+07:00,"18111.9,18337.4,17860.8,18053.1"
2024-04-15T06:00:00.000+07:00,"18053.4,18176.3,16969.6,17114.5"
2024-04-22T06:00:00.000+07:00,"17114.6,17771.1,17007,17731.9"
2024-04-29T06:00:00.000+07:00,"17732.1,17940.8,17282.9,17923.4"
2024-05-06T06:00:00.000+07:00,"17923.5,18251.4,17875.6,18150.8"
2024-05-13T06:00:00.000+07:00,"18151.2,18671.3,18073,18567.2"
2024-05-20T06:00:00.000+07:00,"18567.4,18948.5,18549.6,18804"
2024-05-27T06:00:00.000+07:00,"18803.7,18909.9,18187.1,18517.5"
2024-06-03T06:00:00.000+07:00,"18517.4,19114.3,18389.2,19007.1"
2024-06-10T06:00:00.000+07:00,"19007,19702.8,18940.6,19699.3"
2024-06-17T06:00:00.000+07:00,"19699.2,20086.4,19622.3,19744"
2024-06-24T06:00:00.000+07:00,"19743.5,20026.8,19458.4,19730.6"
2024-07-01T06:00:00.000+07:00,"19730.2,20405.3,19568,20368.2"
2024-07-08T06:00:00.000+07:00,"20369,20759,20129,20338"
2024-07-15T06:00:00.000+07:00,"20337.6,20591.5,19475,19613.7"
2024-07-22T06:00:00.000+07:00,"19612.9,19911.5,18724.6,19081.1"
2024-07-29T06:00:00.000+07:00,"19081.2,19576.9,18153.9,18226.8"
2024-08-05T06:00:00.000+07:00,"18226.7,18573.2,17242.5,18492.7"
2024-08-12T06:00:00.000+07:00,"18492.9,19584.3,18423.9,19558.1"
2024-08-19T06:00:00.000+07:00,"19557.4,19938.4,19435.3,19662"
2024-08-26T06:00:00.000+07:00,"19662.2,19770.2,19079.2,19538.3"
2024-09-02T06:00:00.000+07:00,"19538.5,19632.3,18306.3,18383.1"
2024-09-09T06:00:00.000+07:00,"18383.6,19557,18354.3,19483.1"
2024-09-16T06:00:00.000+07:00,"19483.3,19954.8,19287.3,19801"
2024-09-23T06:00:00.000+07:00,"19800.9,20315,19718.8,20024.6"
2024-09-30T06:00:00.000+07:00,"20025,20119.8,19610.4,20033.7"
2024-10-07T06:00:00.000+07:00,"20033.3,20320.3,19713,20247.4"
2024-10-14T06:00:00.000+07:00,"20247.5,20499.1,20032.6,20351.4"
2024-10-21T06:00:00.000+07:00,"20352.1,20565.7,19927.3,20458.6"
2024-10-28T07:00:00.000+07:00,"20458.8,20651.8,19875.9,20015"
2024-11-04T07:00:00.000+07:00,"20015.1,21202.8,19896.3,21195.8"
2024-11-11T07:00:00.000+07:00,"21196.8,21232.1,20305.4,20470.5"
2024-11-18T07:00:00.000+07:00,"20469.7,20875.7,20289.5,20857.7"
2024-11-25T07:00:00.000+07:00,"20857.6,21002.9,20606.3,20905.4"
2024-12-02T07:00:00.000+07:00,"20905.5,21627.9,20880.7,21615.1"
2024-12-09T07:00:00.000+07:00,"21615,21885.7,21315,21768.4"
2024-12-16T07:00:00.000+07:00,"21769.9,22132,20724,21380.2"
2024-12-23T07:00:00.000+07:00,"21380.6,21856.4,21205.3,21466.4"
2024-12-30T07:00:00.000+07:00,"21466.9,21486.2,20768.4,21331.7"
2025-01-06T07:00:00.000+07:00,"21331.8,21703.8,20704.4,20829.4"
2025-01-13T07:00:00.000+07:00,"20828.7,21528.4,20531.6,21394.8"
2025-01-20T07:00:00.000+07:00,"21394.9,21946.2,21219,21531.2"
2025-01-27T07:00:00.000+07:00,"21531.3,21846.5,20629.7,20997.9"
2025-02-03T07:00:00.000+07:00,"20997.7,21869.5,20860.6,21547.1"
2025-02-10T07:00:00.000+07:00,"21546.8,22142.5,21417.8,22126.2"
2025-02-17T07:00:00.000+07:00,"22125.3,22239.2,21582.2,21690.1"
2025-02-24T07:00:00.000+07:00,"21689.8,21744.7,20407.6,20917.2"
2025-03-03T07:00:00.000+07:00,"20917.8,21070.5,19726.6,19994.3"
2025-03-10T07:00:00.000+07:00,"19994.2,20114.2,19103.7,19564.2"
2025-03-17T07:00:00.000+07:00,"19563.2,19938.1,19378,19907.2"
2025-03-24T07:00:00.000+07:00,"19907.4,20339.2,19029.1,19070.6"
2025-03-31T06:00:00.000+07:00,"19069.6,19865.4,16324,16582.7"
2025-04-07T06:00:00.000+07:00,"16583.1,19245.9,16341.1,18876.9"
2025-04-14T06:00:00.000+07:00,"18875.7,19116.4,17985.4,18193.1"
2025-04-21T06:00:00.000+07:00,"18192.9,19482.4,17582.2,19353.4"
2025-04-28T06:00:00.000+07:00,"19352.2,20177.8,19002.7,19991.3"
2025-05-05T06:00:00.000+07:00,"19991.5,20423.1,19596.3,20373.2"
2025-05-12T06:00:00.000+07:00,"20373.1,21446.4,20362.3,21302.5"
2025-05-19T06:00:00.000+07:00,"21302,21485.4,20669,21131.2"
2025-05-26T06:00:00.000+07:00,"21131.1,21803.8,21027.9,21257.1"
2025-06-02T06:00:00.000+07:00,"21257.2,21894.7,21117.4,21732.5"
2025-06-09T06:00:00.000+07:00,"21732.6,22069.8,21454.5,21675.2"
2025-06-16T06:00:00.000+07:00,"21675.1,21981.3,21416.9,21541.9"
2025-06-23T06:00:00.000+07:00,"21541.8,22626.2,21488.5,22598.6"
2025-06-30T06:00:00.000+07:00,"22598.7,22899.8,22374.6,22782.9"
2025-07-07T06:00:00.000+07:00,"22783,22916.6,22584.1,22685.2"
2025-07-14T06:00:00.000+07:00,"22701.5,23155,22626.9,23080.9"
2025-07-21T06:00:00.000+07:00,"23081.1,23414.5,22952.6,23372.3"
2025-07-28T06:00:00.000+07:00,"23372.2,23710.8,22669.4,22791"
2025-08-04T06:00:00.000+07:00,"22791.1,23664.8,22763.3,23627"
2025-08-11T06:00:00.000+07:00,"23627.1,23966.4,23484.7,23760.7"
2025-08-18T06:00:00.000+07:00,"23760.3,23794,22956.8,23498.8"
2025-08-25T06:00:00.000+07:00,"23499,23740,23304.4,23485.5"
2025-09-01T06:00:00.000+07:00,"23485.6,23864,22978.8,23705.2"
2025-09-08T06:00:00.000+07:00,"23705.4,24136.7,23692,24102.2"
2025-09-15T06:00:00.000+07:00,"24102.3,24636.7,23992.7,24598.7"
2025-09-22T06:00:00.000+07:00,"24599,24784.2,24184.3,24530.5"
2025-09-29T06:00:00.000+07:00,"24530.4,24987.6,24411.3,24845.5"
2025-10-06T06:00:00.000+07:00,"24845.6,25200.7,23980.6,24512.3"
2025-10-13T06:00:00.000+07:00,"24513.2,25002.3,24246.5,24895"
2025-10-20T06:00:00.000+07:00,"24895.8,25605.9,24649.2,25570.9"
2025-10-27T07:00:00.000+07:00,"25570.8,26255.8,25559.9,25942.9"
2025-11-03T07:00:00.000+07:00,"25943,26131.2,24601.3,25228.4"
2025-11-10T07:00:00.000+07:00,"25228.3,25725.5,24532.7,25081.9"
2025-11-17T07:00:00.000+07:00,"25081.4,25271.7,23829.7,24400.1"
2025-11-24T07:00:00.000+07:00,"24399.9,25473.4,24292,25413.1"
2025-12-01T07:00:00.000+07:00,"25414.3,25827.6,25139.8,25708"
2025-12-08T07:00:00.000+07:00,"25709,25832.9,25104.9,25166.9"
2025-12-15T07:00:00.000+07:00,"25193.9,25432.5,24650.9,25427.6"
2025-12-22T07:00:00.000+07:00,"25427.5,25713.1,25375.4,25646.6"
2025-12-29T07:00:00.000+07:00,"25646.9,25670.7,25081.4,25273.8"
2026-01-05T07:00:00.000+07:00,"25276,25816.5,25252.3,25724.2"
2026-01-12T07:00:00.000+07:00,"25724,25879.2,25242.9,25309.4"
2026-01-19T07:00:00.000+07:00,"25307.7,25712.4,24881.9,25425.3"
2026-01-26T07:00:00.000+07:00,"25424.3,26217.5,25258,25417.9"
2026-02-02T07:00:00.000+07:00,"25417.8,25915.6,24146.4,25185.6"
2026-02-09T07:00:00.000+07:00,"25183.2,25382.1,24508.4,24764.4"
2026-02-16T07:00:00.000+07:00,"24764.2,25080,24381.4,24912.1"
2026-02-23T07:00:00.000+07:00,"24912,25443.2,24610.1,24698.5"
2026-03-02T07:00:00.000+07:00,"24699.6,25207.3,24141.9,24188.5"
2026-03-09T07:00:00.000+07:00,"24188.1,25189.8,23973.6,24423.9"
2026-03-16T07:00:00.000+07:00,"24424.6,24978.6,23708.6,23792.7"
2026-03-23T07:00:00.000+07:00,"23793.9,24548.6,22954,23026.5"
2026-03-30T06:00:00.000+07:00,"23026.3,24162.7,22780.2,23908.4"
2026-04-06T06:00:00.000+07:00,"23908.6,25228,23776,24791.1"
2026-04-13T06:00:00.000+07:00,"24791.3,26721.2,24757.3,26509.1"
2026-04-20T06:00:00.000+07:00,"26509.3,27319,26398.2,27258.6"
2026-04-27T06:00:00.000+07:00,"27258.5,27807.1,26876.6,27731.4"
2026-05-04T06:00:00.000+07:00,"27731.3,29271.5,27498.9,29184.7"
2026-05-11T06:00:00.000+07:00,"29184.3,29677.1,28633.3,29135.3"
2026-05-18T06:00:00.000+07:00,"29135.4,29747.3,28566.9,29730.4"
