datetime,open,high,low,close,bar_size,mid_price,body_size,body_ratio,bar_context,upper_tail,lower_tail,upper_tail_ratio,lower_tail_ratio,tail_context,close_vs_prior_high_low,breakout_depth_vs_prior,lookback_1_to_5
13/5/2026 19:00,4697.40,4697.68,4696.37,4697.14,1.31,4697.03,0.26,0.198,"Bear reversal bar, Bear doji",0.28,0.77,0.214,0.588,"small_upper_tail, long_lower_tail",no_prior_bar,0.00,no_prior_bar
13/5/2026 19:01,4697.14,4697.27,4694.70,4696.55,2.57,4695.99,0.59,0.230,"Bear reversal bar, Bear doji",0.13,1.85,0.051,0.720,"almost_no_upper_tail, long_lower_tail",close_above_prior_low,0.00,1:lower_low_lower_high
13/5/2026 19:02,4696.54,4698.94,4696.54,4697.74,2.40,4697.74,1.20,0.500,"Bull reversal bar, Bull doji",1.20,0.00,0.500,0.000,"long_upper_tail, no_lower_tail",close_above_prior_high,0.47,1:higher_high_higher_low;2:lower_low_lower_high
13/5/2026 19:03,4697.74,4698.83,4697.13,4698.38,1.70,4697.98,0.64,0.376,"Bull doji, inside_bar",0.45,0.61,0.265,0.359,"small_upper_tail, long_lower_tail",close_below_prior_high,0.00,1:inside_bar;2:higher_high_higher_low;3:lower_low_lower_high
13/5/2026 19:04,4698.39,4700.20,4698.16,4699.44,2.04,4699.18,1.05,0.515,Bull breakout bar,0.76,0.23,0.373,0.113,"long_upper_tail, small_lower_tail",close_above_prior_high,0.61,1:higher_high_higher_low;2:inside_bar;3:higher_high_higher_low;4:lower_low_lower_high
13/5/2026 19:05,4699.44,4700.63,4698.34,4700.12,2.29,4699.49,0.68,0.297,Bull doji,0.51,1.10,0.223,0.480,"small_upper_tail, long_lower_tail",close_below_prior_high,0.00,1:higher_high_higher_low;2:higher_high_higher_low;3:inside_bar;4:higher_high_higher_low;5:lower_low_lower_high
13/5/2026 19:06,4700.11,4700.33,4698.82,4699.97,1.51,4699.58,0.14,0.093,"Bear reversal bar, Bear doji, inside_bar",0.22,1.15,0.146,0.762,"small_upper_tail, long_lower_tail",close_above_prior_low,0.00,1:inside_bar;2:higher_high_higher_low;3:higher_high_higher_low;4:inside_bar;5:higher_high_higher_low
13/5/2026 19:07,4699.98,4701.71,4699.97,4700.50,1.74,4700.84,0.52,0.299,"Bull reversal bar, Bull doji",1.21,0.01,0.695,0.006,"long_upper_tail, almost_no_lower_tail",close_above_prior_high,0.17,1:higher_high_higher_low;2:inside_bar;3:higher_high_higher_low;4:higher_high_higher_low;5:inside_bar
13/5/2026 19:08,4700.54,4700.79,4699.29,4699.59,1.50,4700.04,0.95,0.633,Bear breakout bar,0.25,0.30,0.167,0.200,"small_upper_tail, small_lower_tail",close_below_prior_low,0.38,1:lower_low_lower_high;2:higher_high_higher_low;3:inside_bar;4:higher_high_higher_low;5:higher_high_higher_low
13/5/2026 19:09,4699.60,4699.83,4697.74,4699.32,2.09,4698.79,0.28,0.134,"Bear reversal bar, Bear doji",0.23,1.58,0.110,0.756,"small_upper_tail, long_lower_tail",close_above_prior_low,0.00,1:lower_low_lower_high;2:lower_low_lower_high;3:higher_high_higher_low;4:inside_bar;5:higher_high_higher_low
13/5/2026 19:10,4699.33,4699.37,4696.05,4697.70,3.32,4697.71,1.63,0.491,Bear breakout bar,0.04,1.65,0.012,0.497,"almost_no_upper_tail, long_lower_tail",close_below_prior_low,0.04,1:lower_low_lower_high;2:lower_low_lower_high;3:lower_low_lower_high;4:higher_high_higher_low;5:inside_bar
13/5/2026 19:11,4697.69,4698.27,4696.43,4697.96,1.84,4697.35,0.27,0.147,"Bull doji, inside_bar",0.31,1.26,0.168,0.685,"small_upper_tail, long_lower_tail",close_below_prior_high,0.00,1:inside_bar;2:lower_low_lower_high;3:lower_low_lower_high;4:lower_low_lower_high;5:higher_high_higher_low
13/5/2026 19:12,4697.98,4699.04,4697.42,4697.48,1.62,4698.23,0.50,0.309,Bear breakout bar,1.06,0.06,0.654,0.037,"long_upper_tail, almost_no_lower_tail",close_above_prior_low,0.00,1:higher_high_higher_low;2:inside_bar;3:lower_low_lower_high;4:lower_low_lower_high;5:lower_low_lower_high
13/5/2026 19:13,4697.44,4697.88,4695.56,4696.10,2.32,4696.72,1.34,0.578,Bear breakout bar,0.44,0.54,0.190,0.233,"small_upper_tail, small_lower_tail",close_below_prior_low,1.32,1:lower_low_lower_high;2:higher_high_higher_low;3:inside_bar;4:lower_low_lower_high;5:lower_low_lower_high
13/5/2026 19:14,4696.09,4696.35,4693.39,4693.89,2.96,4694.87,2.20,0.743,Bear breakout bar,0.26,0.50,0.088,0.169,"almost_no_upper_tail, small_lower_tail",close_below_prior_low,1.67,1:lower_low_lower_high;2:lower_low_lower_high;3:higher_high_higher_low;4:inside_bar;5:lower_low_lower_high
13/5/2026 19:15,4693.88,4693.97,4691.47,4692.44,2.50,4692.72,1.44,0.576,Bear breakout bar,0.09,0.97,0.036,0.388,"almost_no_upper_tail, long_lower_tail",close_below_prior_low,0.95,1:lower_low_lower_high;2:lower_low_lower_high;3:lower_low_lower_high;4:higher_high_higher_low;5:inside_bar
13/5/2026 19:16,4692.47,4692.94,4689.12,4692.17,3.82,4691.03,0.30,0.079,"Bear reversal bar, Bear doji",0.47,3.05,0.123,0.798,"small_upper_tail, long_lower_tail",close_above_prior_low,0.00,1:lower_low_lower_high;2:lower_low_lower_high;3:lower_low_lower_high;4:lower_low_lower_high;5:higher_high_higher_low
13/5/2026 19:17,4692.18,4693.44,4691.35,4691.91,2.09,4692.40,0.27,0.129,Bear doji,1.26,0.56,0.603,0.268,"long_upper_tail, small_lower_tail",close_above_prior_low,0.00,1:higher_high_higher_low;2:lower_low_lower_high;3:lower_low_lower_high;4:lower_low_lower_high;5:lower_low_lower_high
13/5/2026 19:18,4691.92,4694.05,4691.24,4693.94,2.81,4692.65,2.02,0.719,"Bull breakout bar, outside_bar",0.11,0.68,0.039,0.242,"almost_no_upper_tail, small_lower_tail",close_above_prior_high,0.50,1:outside_bar;2:higher_high_higher_low;3:lower_low_lower_high;4:lower_low_lower_high;5:lower_low_lower_high
13/5/2026 19:19,4693.93,4694.28,4691.27,4691.88,3.01,4692.78,2.05,0.681,Bear breakout bar,0.35,0.61,0.116,0.203,"small_upper_tail, small_lower_tail",close_above_prior_low,0.00,1:higher_high_higher_low;2:outside_bar;3:higher_high_higher_low;4:lower_low_lower_high;5:lower_low_lower_high
13/5/2026 19:20,4691.91,4693.35,4690.09,4690.64,3.26,4691.72,1.27,0.390,Bear breakout bar,1.44,0.55,0.442,0.169,"long_upper_tail, small_lower_tail",close_below_prior_low,0.63,1:lower_low_lower_high;2:higher_high_higher_low;3:outside_bar;4:higher_high_higher_low;5:lower_low_lower_high
13/5/2026 19:21,4690.63,4690.79,4687.24,4689.87,3.55,4689.01,0.76,0.214,"Bear reversal bar, Bear doji",0.16,2.63,0.045,0.741,"almost_no_upper_tail, long_lower_tail",close_below_prior_low,0.22,1:lower_low_lower_high;2:lower_low_lower_high;3:higher_high_higher_low;4:outside_bar;5:higher_high_higher_low
13/5/2026 19:22,4689.93,4690.01,4684.98,4688.09,5.03,4687.50,1.84,0.366,"Bear reversal bar, Bear doji",0.08,3.11,0.016,0.618,"almost_no_upper_tail, long_lower_tail",close_above_prior_low,0.00,1:lower_low_lower_high;2:lower_low_lower_high;3:lower_low_lower_high;4:higher_high_higher_low;5:outside_bar
13/5/2026 19:23,4688.10,4690.69,4687.55,4689.07,3.14,4689.12,0.97,0.309,"Bull reversal bar, Bull doji",1.62,0.55,0.516,0.175,"long_upper_tail, small_lower_tail",close_below_prior_high,0.00,1:higher_high_higher_low;2:lower_low_lower_high;3:lower_low_lower_high;4:lower_low_lower_high;5:higher_high_higher_low
13/5/2026 19:24,4688.99,4690.37,4687.60,4687.64,2.77,4688.99,1.35,0.487,"Bear breakout bar, inside_bar",1.38,0.04,0.498,0.014,"long_upper_tail, almost_no_lower_tail",close_above_prior_low,0.00,1:inside_bar;2:higher_high_higher_low;3:lower_low_lower_high;4:lower_low_lower_high;5:lower_low_lower_high
13/5/2026 19:25,4687.66,4689.11,4686.99,4688.16,2.12,4688.05,0.50,0.236,Bull doji,0.95,0.67,0.448,0.316,"long_upper_tail, long_lower_tail",close_below_prior_high,0.00,1:lower_low_lower_high;2:inside_bar;3:higher_high_higher_low;4:lower_low_lower_high;5:lower_low_lower_high
13/5/2026 19:26,4688.20,4688.20,4685.44,4685.98,2.76,4686.82,2.22,0.804,Bear breakout bar,0.00,0.54,0.000,0.196,"no_upper_tail, small_lower_tail",close_below_prior_low,1.01,1:lower_low_lower_high;2:lower_low_lower_high;3:inside_bar;4:higher_high_higher_low;5:lower_low_lower_high
13/5/2026 19:27,4685.99,4687.24,4684.73,4686.87,2.51,4685.99,0.88,0.351,Bull doji,0.37,1.26,0.147,0.502,"small_upper_tail, long_lower_tail",close_below_prior_high,0.00,1:lower_low_lower_high;2:lower_low_lower_high;3:lower_low_lower_high;4:inside_bar;5:higher_high_higher_low
13/5/2026 19:28,4686.88,4687.26,4683.14,4684.72,4.12,4685.20,2.16,0.524,"Bear breakout bar, outside_bar",0.38,1.58,0.092,0.383,"almost_no_upper_tail, long_lower_tail",close_below_prior_low,0.01,1:outside_bar;2:lower_low_lower_high;3:lower_low_lower_high;4:lower_low_lower_high;5:inside_bar
13/5/2026 19:29,4684.60,4685.44,4683.57,4684.73,1.87,4684.50,0.13,0.070,"Bull doji, inside_bar",0.71,1.03,0.380,0.551,"long_upper_tail, long_lower_tail",close_below_prior_high,0.00,1:inside_bar;2:outside_bar;3:lower_low_lower_high;4:lower_low_lower_high;5:lower_low_lower_high
13/5/2026 19:30,4685.65,4688.25,4674.88,4680.41,13.37,4681.57,5.24,0.392,"Bear breakout bar, outside_bar",2.60,5.53,0.194,0.414,"small_upper_tail, long_lower_tail",close_below_prior_low,3.16,1:outside_bar;2:inside_bar;3:outside_bar;4:lower_low_lower_high;5:lower_low_lower_high
13/5/2026 19:31,4680.52,4682.45,4677.80,4680.68,4.65,4680.13,0.16,0.034,"Bull doji, inside_bar",1.77,2.72,0.381,0.585,"long_upper_tail, long_lower_tail",close_below_prior_high,0.00,1:inside_bar;2:outside_bar;3:inside_bar;4:outside_bar;5:lower_low_lower_high
13/5/2026 19:32,4680.46,4681.60,4676.09,4681.16,5.51,4678.85,0.70,0.127,Bull breakout bar,0.44,4.37,0.080,0.793,"almost_no_upper_tail, long_lower_tail",close_below_prior_high,0.00,1:lower_low_lower_high;2:inside_bar;3:outside_bar;4:inside_bar;5:outside_bar
13/5/2026 19:33,4681.12,4681.15,4677.04,4680.51,4.11,4679.09,0.61,0.148,"Bear reversal bar, Bear doji, inside_bar",0.03,3.47,0.007,0.844,"almost_no_upper_tail, long_lower_tail",close_above_prior_low,0.00,1:inside_bar;2:lower_low_lower_high;3:inside_bar;4:outside_bar;5:inside_bar
13/5/2026 19:34,4680.49,4683.14,4680.04,4682.38,3.10,4681.59,1.89,0.610,Bull breakout bar,0.76,0.45,0.245,0.145,"small_upper_tail, small_lower_tail",close_above_prior_high,1.23,1:higher_high_higher_low;2:inside_bar;3:lower_low_lower_high;4:inside_bar;5:outside_bar
13/5/2026 19:35,4682.37,4686.01,4681.68,4684.85,4.33,4683.85,2.48,0.573,Bull breakout bar,1.16,0.69,0.268,0.159,"small_upper_tail, small_lower_tail",close_above_prior_high,1.71,1:higher_high_higher_low;2:higher_high_higher_low;3:inside_bar;4:lower_low_lower_high;5:inside_bar
13/5/2026 19:36,4684.88,4685.31,4681.18,4682.17,4.13,4683.25,2.71,0.656,Bear breakout bar,0.43,0.99,0.104,0.240,"small_upper_tail, small_lower_tail",close_above_prior_low,0.00,1:lower_low_lower_high;2:higher_high_higher_low;3:higher_high_higher_low;4:inside_bar;5:lower_low_lower_high
13/5/2026 19:37,4682.18,4682.67,4677.40,4677.97,5.27,4680.04,4.21,0.799,Bear breakout bar,0.49,0.57,0.093,0.108,"almost_no_upper_tail, small_lower_tail",close_below_prior_low,3.21,1:lower_low_lower_high;2:lower_low_lower_high;3:higher_high_higher_low;4:higher_high_higher_low;5:inside_bar
13/5/2026 19:38,4677.91,4680.92,4677.72,4679.97,3.20,4679.32,2.06,0.644,"Bull breakout bar, inside_bar",0.95,0.19,0.297,0.059,"small_upper_tail, almost_no_lower_tail",close_below_prior_high,0.00,1:inside_bar;2:lower_low_lower_high;3:lower_low_lower_high;4:higher_high_higher_low;5:higher_high_higher_low
13/5/2026 19:39,4679.94,4680.01,4677.23,4679.12,2.78,4678.62,0.82,0.295,"Bear reversal bar, Bear doji",0.07,1.89,0.025,0.680,"almost_no_upper_tail, long_lower_tail",close_above_prior_low,0.00,1:lower_low_lower_high;2:inside_bar;3:lower_low_lower_high;4:lower_low_lower_high;5:higher_high_higher_low
13/5/2026 19:40,4679.07,4681.38,4678.07,4679.66,3.31,4679.73,0.59,0.178,"Bull reversal bar, Bull doji",1.72,1.00,0.520,0.302,"long_upper_tail, long_lower_tail",close_below_prior_high,0.00,1:higher_high_higher_low;2:lower_low_lower_high;3:inside_bar;4:lower_low_lower_high;5:lower_low_lower_high
13/5/2026 19:41,4679.56,4683.09,4679.41,4682.30,3.68,4681.25,2.74,0.745,Bull breakout bar,0.79,0.15,0.215,0.041,"small_upper_tail, almost_no_lower_tail",close_above_prior_high,0.92,1:higher_high_higher_low;2:higher_high_higher_low;3:lower_low_lower_high;4:inside_bar;5:lower_low_lower_high
13/5/2026 19:42,4682.28,4683.62,4680.64,4681.27,2.98,4682.13,1.01,0.339,Bear doji,1.34,0.63,0.450,0.211,"long_upper_tail, small_lower_tail",close_above_prior_low,0.00,1:higher_high_higher_low;2:higher_high_higher_low;3:higher_high_higher_low;4:lower_low_lower_high;5:inside_bar
13/5/2026 19:43,4681.27,4682.11,4677.83,4681.42,4.28,4679.97,0.15,0.035,Bull doji,0.69,3.44,0.161,0.804,"small_upper_tail, long_lower_tail",close_below_prior_high,0.00,1:lower_low_lower_high;2:higher_high_higher_low;3:higher_high_higher_low;4:higher_high_higher_low;5:lower_low_lower_high
13/5/2026 19:44,4681.40,4683.97,4681.29,4683.02,2.68,4682.63,1.62,0.604,Bull breakout bar,0.95,0.11,0.354,0.041,"long_upper_tail, almost_no_lower_tail",close_above_prior_high,0.91,1:higher_high_higher_low;2:lower_low_lower_high;3:higher_high_higher_low;4:higher_high_higher_low;5:higher_high_higher_low
13/5/2026 19:45,4683.61,4684.01,4682.04,4682.10,1.97,4683.03,1.51,0.766,Bear breakout bar,0.40,0.06,0.203,0.030,"small_upper_tail, almost_no_lower_tail",close_above_prior_low,0.00,1:higher_high_higher_low;2:higher_high_higher_low;3:lower_low_lower_high;4:higher_high_higher_low;5:higher_high_higher_low
13/5/2026 19:46,4682.08,4682.14,4677.60,4678.69,4.54,4679.87,3.39,0.747,Bear breakout bar,0.06,1.09,0.013,0.240,"almost_no_upper_tail, small_lower_tail",close_below_prior_low,3.35,1:lower_low_lower_high;2:higher_high_higher_low;3:higher_high_higher_low;4:lower_low_lower_high;5:higher_high_higher_low
13/5/2026 19:47,4678.68,4681.36,4678.57,4680.89,2.79,4679.97,2.21,0.792,"Bull breakout bar, inside_bar",0.47,0.11,0.168,0.039,"small_upper_tail, almost_no_lower_tail",close_below_prior_high,0.00,1:inside_bar;2:lower_low_lower_high;3:higher_high_higher_low;4:higher_high_higher_low;5:lower_low_lower_high
13/5/2026 19:48,4680.88,4683.42,4680.88,4682.11,2.54,4682.15,1.23,0.484,"Bull reversal bar, Bull doji",1.31,0.00,0.516,0.000,"long_upper_tail, no_lower_tail",close_above_prior_high,0.75,1:higher_high_higher_low;2:inside_bar;3:lower_low_lower_high;4:higher_high_higher_low;5:higher_high_higher_low
13/5/2026 19:49,4682.12,4682.51,4679.35,4680.33,3.16,4680.93,1.79,0.566,Bear breakout bar,0.39,0.98,0.123,0.310,"small_upper_tail, long_lower_tail",close_below_prior_low,0.55,1:lower_low_lower_high;2:higher_high_higher_low;3:inside_bar;4:lower_low_lower_high;5:higher_high_higher_low
13/5/2026 19:50,4680.32,4684.33,4680.09,4684.27,4.24,4682.21,3.95,0.932,Bull breakout bar,0.06,0.23,0.014,0.054,"almost_no_upper_tail, almost_no_lower_tail",close_above_prior_high,1.76,1:higher_high_higher_low;2:lower_low_lower_high;3:higher_high_higher_low;4:inside_bar;5:lower_low_lower_high
13/5/2026 19:51,4684.36,4685.59,4680.04,4680.30,5.55,4682.82,4.06,0.732,"Bear breakout bar, outside_bar",1.23,0.26,0.222,0.047,"small_upper_tail, almost_no_lower_tail",close_above_prior_low,0.00,1:outside_bar;2:higher_high_higher_low;3:lower_low_lower_high;4:higher_high_higher_low;5:inside_bar
13/5/2026 19:52,4680.29,4682.36,4679.97,4682.23,2.39,4681.17,1.94,0.812,Bull breakout bar,0.13,0.32,0.054,0.134,"almost_no_upper_tail, small_lower_tail",close_below_prior_high,0.00,1:lower_low_lower_high;2:outside_bar;3:higher_high_higher_low;4:lower_low_lower_high;5:higher_high_higher_low
13/5/2026 19:53,4682.27,4682.65,4681.13,4681.62,1.52,4681.89,0.65,0.428,Bear doji,0.38,0.49,0.250,0.322,"small_upper_tail, long_lower_tail",close_above_prior_low,0.00,1:higher_high_higher_low;2:lower_low_lower_high;3:outside_bar;4:higher_high_higher_low;5:lower_low_lower_high
13/5/2026 19:54,4681.61,4682.89,4680.76,4681.34,2.13,4681.83,0.27,0.127,"Bear doji, outside_bar",1.28,0.58,0.601,0.272,"long_upper_tail, small_lower_tail",close_above_prior_low,0.00,1:outside_bar;2:higher_high_higher_low;3:lower_low_lower_high;4:outside_bar;5:higher_high_higher_low
13/5/2026 19:55,4681.37,4681.37,4678.65,4680.11,2.72,4680.01,1.26,0.463,"Bear reversal bar, Bear doji",0.00,1.46,0.000,0.537,"no_upper_tail, long_lower_tail",close_below_prior_low,0.65,1:lower_low_lower_high;2:outside_bar;3:higher_high_higher_low;4:lower_low_lower_high;5:outside_bar
13/5/2026 19:56,4680.10,4681.46,4678.75,4681.45,2.71,4680.11,1.35,0.498,Bull breakout bar,0.01,1.35,0.004,0.498,"almost_no_upper_tail, long_lower_tail",close_above_prior_high,0.08,1:higher_high_higher_low;2:lower_low_lower_high;3:outside_bar;4:higher_high_higher_low;5:lower_low_lower_high
13/5/2026 19:57,4681.44,4683.23,4681.19,4683.23,2.04,4682.21,1.79,0.877,Bull breakout bar,0.00,0.25,0.000,0.123,"no_upper_tail, small_lower_tail",close_above_prior_high,1.77,1:higher_high_higher_low;2:higher_high_higher_low;3:lower_low_lower_high;4:outside_bar;5:higher_high_higher_low
13/5/2026 19:58,4683.22,4685.60,4682.99,4684.62,2.61,4684.30,1.40,0.536,Bull breakout bar,0.98,0.23,0.375,0.088,"long_upper_tail, almost_no_lower_tail",close_above_prior_high,1.39,1:higher_high_higher_low;2:higher_high_higher_low;3:higher_high_higher_low;4:lower_low_lower_high;5:outside_bar
13/5/2026 19:59,4684.57,4684.67,4682.82,4683.85,1.85,4683.75,0.72,0.389,"Bear reversal bar, Bear doji",0.10,1.03,0.054,0.557,"almost_no_upper_tail, long_lower_tail",close_above_prior_low,0.00,1:lower_low_lower_high;2:higher_high_higher_low;3:higher_high_higher_low;4:higher_high_higher_low;5:lower_low_lower_high
13/5/2026 20:00,4683.82,4688.72,4683.50,4688.69,5.22,4686.11,4.87,0.933,Bull breakout bar,0.03,0.32,0.006,0.061,"almost_no_upper_tail, almost_no_lower_tail",close_above_prior_high,4.02,1:higher_high_higher_low;2:lower_low_lower_high;3:higher_high_higher_low;4:higher_high_higher_low;5:higher_high_higher_low
13/5/2026 20:01,4688.70,4690.64,4687.28,4687.89,3.36,4688.96,0.81,0.241,Bear doji,1.94,0.61,0.577,0.182,"long_upper_tail, small_lower_tail",close_above_prior_low,0.00,1:higher_high_higher_low;2:higher_high_higher_low;3:lower_low_lower_high;4:higher_high_higher_low;5:higher_high_higher_low
13/5/2026 20:02,4687.88,4689.61,4687.64,4689.60,1.97,4688.63,1.72,0.873,"Bull breakout bar, inside_bar",0.01,0.24,0.005,0.122,"almost_no_upper_tail, small_lower_tail",close_below_prior_high,0.00,1:inside_bar;2:higher_high_higher_low;3:higher_high_higher_low;4:lower_low_lower_high;5:higher_high_higher_low
13/5/2026 20:03,4689.61,4690.02,4687.17,4688.35,2.85,4688.60,1.26,0.442,"Bear doji, outside_bar",0.41,1.18,0.144,0.414,"small_upper_tail, long_lower_tail",close_above_prior_low,0.00,1:outside_bar;2:inside_bar;3:higher_high_higher_low;4:higher_high_higher_low;5:lower_low_lower_high
13/5/2026 20:04,4688.36,4688.66,4686.89,4687.78,1.77,4687.78,0.58,0.328,"Bear reversal bar, Bear doji",0.30,0.89,0.169,0.503,"small_upper_tail, long_lower_tail",close_above_prior_low,0.00,1:lower_low_lower_high;2:outside_bar;3:inside_bar;4:higher_high_higher_low;5:higher_high_higher_low
13/5/2026 20:05,4687.79,4688.31,4686.40,4687.96,1.91,4687.36,0.17,0.089,Bull doji,0.35,1.39,0.183,0.728,"small_upper_tail, long_lower_tail",close_below_prior_high,0.00,1:lower_low_lower_high;2:lower_low_lower_high;3:outside_bar;4:inside_bar;5:higher_high_higher_low
13/5/2026 20:06,4687.85,4689.58,4687.60,4688.20,1.98,4688.59,0.35,0.177,"Bull reversal bar, Bull doji",1.38,0.25,0.697,0.126,"long_upper_tail, small_lower_tail",close_below_prior_high,0.00,1:higher_high_higher_low;2:lower_low_lower_high;3:lower_low_lower_high;4:outside_bar;5:inside_bar
13/5/2026 20:07,4688.21,4689.39,4687.36,4688.23,2.03,4688.38,0.02,0.010,"Bull reversal bar, Bull doji",1.16,0.85,0.571,0.419,"long_upper_tail, long_lower_tail",close_below_prior_high,0.00,1:lower_low_lower_high;2:higher_high_higher_low;3:lower_low_lower_high;4:lower_low_lower_high;5:outside_bar
13/5/2026 20:08,4688.24,4689.36,4687.03,4687.03,2.33,4688.20,1.21,0.519,Bear breakout bar,1.12,0.00,0.481,0.000,"long_upper_tail, no_lower_tail",close_below_prior_low,0.33,1:lower_low_lower_high;2:lower_low_lower_high;3:higher_high_higher_low;4:lower_low_lower_high;5:lower_low_lower_high
13/5/2026 20:09,4687.05,4687.96,4685.30,4686.57,2.66,4686.63,0.48,0.180,Bear breakout bar,0.91,1.27,0.342,0.477,"long_upper_tail, long_lower_tail",close_below_prior_low,0.46,1:lower_low_lower_high;2:lower_low_lower_high;3:lower_low_lower_high;4:higher_high_higher_low;5:lower_low_lower_high
13/5/2026 20:10,4686.58,4687.53,4685.25,4687.42,2.28,4686.39,0.84,0.368,Bull breakout bar,0.11,1.33,0.048,0.583,"almost_no_upper_tail, long_lower_tail",close_below_prior_high,0.00,1:lower_low_lower_high;2:lower_low_lower_high;3:lower_low_lower_high;4:lower_low_lower_high;5:higher_high_higher_low
13/5/2026 20:11,4687.41,4687.93,4686.68,4687.33,1.25,4687.31,0.08,0.064,"Bear reversal bar, Bear doji",0.52,0.65,0.416,0.520,"long_upper_tail, long_lower_tail",close_above_prior_low,0.00,1:higher_high_higher_low;2:lower_low_lower_high;3:lower_low_lower_high;4:lower_low_lower_high;5:lower_low_lower_high
13/5/2026 20:12,4687.22,4688.85,4686.80,4688.35,2.05,4687.83,1.13,0.551,Bull breakout bar,0.50,0.42,0.244,0.205,"small_upper_tail, small_lower_tail",close_above_prior_high,0.42,1:higher_high_higher_low;2:higher_high_higher_low;3:lower_low_lower_high;4:lower_low_lower_high;5:lower_low_lower_high
13/5/2026 20:13,4688.34,4689.59,4687.07,4688.83,2.52,4688.33,0.49,0.194,Bull doji,0.76,1.27,0.302,0.504,"long_upper_tail, long_lower_tail",close_below_prior_high,0.00,1:higher_high_higher_low;2:higher_high_higher_low;3:higher_high_higher_low;4:lower_low_lower_high;5:lower_low_lower_high
13/5/2026 20:14,4688.77,4691.31,4688.38,4689.84,2.93,4689.85,1.07,0.365,"Bull reversal bar, Bull doji",1.47,0.39,0.502,0.133,"long_upper_tail, small_lower_tail",close_above_prior_high,0.25,1:higher_high_higher_low;2:higher_high_higher_low;3:higher_high_higher_low;4:higher_high_higher_low;5:lower_low_lower_high
13/5/2026 20:15,4689.85,4690.04,4688.56,4688.79,1.48,4689.30,1.06,0.716,"Bear breakout bar, inside_bar",0.19,0.23,0.128,0.155,"small_upper_tail, small_lower_tail",close_above_prior_low,0.00,1:inside_bar;2:higher_high_higher_low;3:higher_high_higher_low;4:higher_high_higher_low;5:higher_high_higher_low
13/5/2026 20:16,4688.70,4689.16,4686.66,4687.02,2.50,4687.91,1.68,0.672,Bear breakout bar,0.46,0.36,0.184,0.144,"small_upper_tail, small_lower_tail",close_below_prior_low,1.54,1:lower_low_lower_high;2:inside_bar;3:higher_high_higher_low;4:higher_high_higher_low;5:higher_high_higher_low
13/5/2026 20:17,4687.01,4688.14,4686.54,4687.17,1.60,4687.34,0.16,0.100,"Bull reversal bar, Bull doji",0.97,0.47,0.606,0.294,"long_upper_tail, small_lower_tail",close_below_prior_high,0.00,1:lower_low_lower_high;2:lower_low_lower_high;3:inside_bar;4:higher_high_higher_low;5:higher_high_higher_low
13/5/2026 20:18,4687.18,4691.92,4686.97,4691.92,4.95,4689.45,4.74,0.958,Bull breakout bar,0.00,0.21,0.000,0.042,"no_upper_tail, almost_no_lower_tail",close_above_prior_high,3.78,1:higher_high_higher_low;2:lower_low_lower_high;3:lower_low_lower_high;4:inside_bar;5:higher_high_higher_low
13/5/2026 20:19,4691.76,4692.27,4690.64,4692.24,1.63,4691.46,0.48,0.294,Bull breakout bar,0.03,1.12,0.018,0.687,"almost_no_upper_tail, long_lower_tail",close_above_prior_high,0.32,1:higher_high_higher_low;2:higher_high_higher_low;3:lower_low_lower_high;4:lower_low_lower_high;5:inside_bar
13/5/2026 20:20,4692.23,4693.43,4691.41,4692.43,2.02,4692.42,0.20,0.099,Bull breakout bar,1.00,0.82,0.495,0.406,"long_upper_tail, long_lower_tail",close_above_prior_high,0.16,1:higher_high_higher_low;2:higher_high_higher_low;3:higher_high_higher_low;4:lower_low_lower_high;5:lower_low_lower_high
13/5/2026 20:21,4692.42,4692.50,4690.37,4692.00,2.13,4691.43,0.42,0.197,"Bear reversal bar, Bear doji",0.08,1.63,0.038,0.765,"almost_no_upper_tail, long_lower_tail",close_above_prior_low,0.00,1:lower_low_lower_high;2:higher_high_higher_low;3:higher_high_higher_low;4:higher_high_higher_low;5:lower_low_lower_high
13/5/2026 20:22,4692.03,4692.92,4691.20,4692.46,1.72,4692.06,0.43,0.250,Bull doji,0.46,0.83,0.267,0.483,"small_upper_tail, long_lower_tail",close_below_prior_high,0.00,1:higher_high_higher_low;2:lower_low_lower_high;3:higher_high_higher_low;4:higher_high_higher_low;5:higher_high_higher_low
13/5/2026 20:23,4692.45,4693.88,4692.45,4693.17,1.43,4693.17,0.72,0.503,Bull breakout bar,0.71,0.00,0.497,0.000,"long_upper_tail, no_lower_tail",close_above_prior_high,0.25,1:higher_high_higher_low;2:higher_high_higher_low;3:lower_low_lower_high;4:higher_high_higher_low;5:higher_high_higher_low
13/5/2026 20:24,4693.18,4694.68,4693.11,4694.21,1.57,4693.90,1.03,0.656,Bull breakout bar,0.47,0.07,0.299,0.045,"small_upper_tail, almost_no_lower_tail",close_above_prior_high,0.33,1:higher_high_higher_low;2:higher_high_higher_low;3:higher_high_higher_low;4:lower_low_lower_high;5:higher_high_higher_low
13/5/2026 20:25,4694.22,4694.67,4691.93,4693.22,2.74,4693.30,1.00,0.365,Bear doji,0.45,1.29,0.164,0.471,"small_upper_tail, long_lower_tail",close_above_prior_low,0.00,1:lower_low_lower_high;2:higher_high_higher_low;3:higher_high_higher_low;4:higher_high_higher_low;5:lower_low_lower_high
13/5/2026 20:26,4693.21,4693.84,4692.02,4693.17,1.82,4692.93,0.04,0.022,"Bear reversal bar, Bear doji, inside_bar",0.63,1.15,0.346,0.632,"long_upper_tail, long_lower_tail",close_above_prior_low,0.00,1:inside_bar;2:lower_low_lower_high;3:higher_high_higher_low;4:higher_high_higher_low;5:higher_high_higher_low
13/5/2026 20:27,4693.18,4693.25,4690.42,4690.60,2.83,4691.84,2.58,0.912,Bear breakout bar,0.07,0.18,0.025,0.064,"almost_no_upper_tail, almost_no_lower_tail",close_below_prior_low,1.42,1:lower_low_lower_high;2:inside_bar;3:lower_low_lower_high;4:higher_high_higher_low;5:higher_high_higher_low
13/5/2026 20:28,4690.56,4690.96,4688.19,4689.64,2.77,4689.58,0.92,0.332,"Bear reversal bar, Bear doji",0.40,1.45,0.144,0.523,"small_upper_tail, long_lower_tail",close_below_prior_low,0.78,1:lower_low_lower_high;2:lower_low_lower_high;3:inside_bar;4:lower_low_lower_high;5:higher_high_higher_low
13/5/2026 20:29,4689.65,4690.69,4688.57,4688.80,2.12,4689.63,0.85,0.401,"Bear doji, inside_bar",1.04,0.23,0.491,0.108,"long_upper_tail, small_lower_tail",close_above_prior_low,0.00,1:inside_bar;2:lower_low_lower_high;3:lower_low_lower_high;4:inside_bar;5:lower_low_lower_high
13/5/2026 20:30,4688.78,4690.14,4686.93,4688.33,3.21,4688.54,0.45,0.140,Bear breakout bar,1.36,1.40,0.424,0.436,"long_upper_tail, long_lower_tail",close_below_prior_low,0.24,1:lower_low_lower_high;2:inside_bar;3:lower_low_lower_high;4:lower_low_lower_high;5:inside_bar
13/5/2026 20:31,4688.32,4688.70,4684.75,4685.48,3.95,4686.73,2.84,0.719,Bear breakout bar,0.38,0.73,0.096,0.185,"almost_no_upper_tail, small_lower_tail",close_below_prior_low,1.45,1:lower_low_lower_high;2:lower_low_lower_high;3:inside_bar;4:lower_low_lower_high;5:lower_low_lower_high
13/5/2026 20:32,4685.49,4690.98,4684.97,4687.37,6.01,4687.98,1.88,0.313,"Bull reversal bar, Bull doji",3.61,0.52,0.601,0.087,"long_upper_tail, almost_no_lower_tail",close_below_prior_high,0.00,1:higher_high_higher_low;2:lower_low_lower_high;3:lower_low_lower_high;4:inside_bar;5:lower_low_lower_high
13/5/2026 20:33,4687.43,4688.81,4684.64,4685.86,4.17,4686.73,1.57,0.376,Bear doji,1.38,1.22,0.331,0.293,"long_upper_tail, small_lower_tail",close_above_prior_low,0.00,1:lower_low_lower_high;2:higher_high_higher_low;3:lower_low_lower_high;4:lower_low_lower_high;5:inside_bar
13/5/2026 20:34,4685.89,4686.41,4682.34,4684.01,4.07,4684.38,1.88,0.462,Bear breakout bar,0.52,1.67,0.128,0.410,"small_upper_tail, long_lower_tail",close_below_prior_low,0.63,1:lower_low_lower_high;2:lower_low_lower_high;3:higher_high_higher_low;4:lower_low_lower_high;5:lower_low_lower_high
13/5/2026 20:35,4684.02,4684.29,4679.32,4679.75,4.97,4681.81,4.27,0.859,Bear breakout bar,0.27,0.43,0.054,0.087,"almost_no_upper_tail, almost_no_lower_tail",close_below_prior_low,2.59,1:lower_low_lower_high;2:lower_low_lower_high;3:lower_low_lower_high;4:higher_high_higher_low;5:lower_low_lower_high
13/5/2026 20:36,4679.75,4679.76,4675.32,4678.61,4.44,4677.54,1.14,0.257,"Bear reversal bar, Bear doji",0.01,3.29,0.002,0.741,"almost_no_upper_tail, long_lower_tail",close_below_prior_low,0.71,1:lower_low_lower_high;2:lower_low_lower_high;3:lower_low_lower_high;4:lower_low_lower_high;5:higher_high_higher_low
13/5/2026 20:37,4678.55,4679.39,4676.31,4677.88,3.08,4677.85,0.67,0.218,"Bear reversal bar, Bear doji, inside_bar",0.84,1.57,0.273,0.510,"small_upper_tail, long_lower_tail",close_above_prior_low,0.00,1:inside_bar;2:lower_low_lower_high;3:lower_low_lower_high;4:lower_low_lower_high;5:lower_low_lower_high
13/5/2026 20:38,4677.95,4678.35,4673.70,4675.41,4.65,4676.03,2.54,0.546,Bear breakout bar,0.40,1.71,0.086,0.368,"almost_no_upper_tail, long_lower_tail",close_below_prior_low,0.90,1:lower_low_lower_high;2:inside_bar;3:lower_low_lower_high;4:lower_low_lower_high;5:lower_low_lower_high
13/5/2026 20:39,4675.42,4676.01,4673.12,4674.16,2.89,4674.57,1.26,0.436,Bear doji,0.59,1.04,0.204,0.360,"small_upper_tail, long_lower_tail",close_above_prior_low,0.00,1:lower_low_lower_high;2:lower_low_lower_high;3:inside_bar;4:lower_low_lower_high;5:lower_low_lower_high
13/5/2026 20:40,4674.17,4679.15,4673.35,4677.42,5.80,4676.25,3.25,0.560,Bull breakout bar,1.73,0.82,0.298,0.141,"small_upper_tail, small_lower_tail",close_above_prior_high,1.41,1:higher_high_higher_low;2:lower_low_lower_high;3:lower_low_lower_high;4:inside_bar;5:lower_low_lower_high
13/5/2026 20:41,4677.41,4680.74,4676.18,4678.08,4.56,4678.46,0.67,0.147,"Bull reversal bar, Bull doji",2.66,1.23,0.583,0.270,"long_upper_tail, small_lower_tail",close_below_prior_high,0.00,1:higher_high_higher_low;2:higher_high_higher_low;3:lower_low_lower_high;4:lower_low_lower_high;5:inside_bar
13/5/2026 20:42,4678.21,4683.36,4676.24,4681.35,7.12,4679.80,3.14,0.441,Bull breakout bar,2.01,1.97,0.282,0.277,"small_upper_tail, small_lower_tail",close_above_prior_high,0.61,1:higher_high_higher_low;2:higher_high_higher_low;3:higher_high_higher_low;4:lower_low_lower_high;5:lower_low_lower_high
13/5/2026 20:43,4681.35,4683.72,4679.04,4680.34,4.68,4681.38,1.01,0.216,Bear doji,2.37,1.30,0.506,0.278,"long_upper_tail, small_lower_tail",close_above_prior_low,0.00,1:higher_high_higher_low;2:higher_high_higher_low;3:higher_high_higher_low;4:higher_high_higher_low;5:lower_low_lower_high
13/5/2026 20:44,4680.36,4681.25,4677.77,4678.71,3.48,4679.51,1.65,0.474,Bear breakout bar,0.89,0.94,0.256,0.270,"small_upper_tail, small_lower_tail",close_below_prior_low,0.33,1:lower_low_lower_high;2:higher_high_higher_low;3:higher_high_higher_low;4:higher_high_higher_low;5:higher_high_higher_low
13/5/2026 20:45,4678.69,4679.33,4676.47,4678.14,2.86,4677.90,0.55,0.192,"Bear reversal bar, Bear doji",0.64,1.67,0.224,0.584,"small_upper_tail, long_lower_tail",close_above_prior_low,0.00,1:lower_low_lower_high;2:lower_low_lower_high;3:higher_high_higher_low;4:higher_high_higher_low;5:higher_high_higher_low
13/5/2026 20:46,4678.19,4678.58,4672.32,4675.18,6.26,4675.45,3.01,0.481,Bear breakout bar,0.39,2.86,0.062,0.457,"almost_no_upper_tail, long_lower_tail",close_below_prior_low,1.29,1:lower_low_lower_high;2:lower_low_lower_high;3:lower_low_lower_high;4:higher_high_higher_low;5:higher_high_higher_low
13/5/2026 20:47,4675.19,4675.91,4672.77,4673.53,3.14,4674.34,1.66,0.529,"Bear breakout bar, inside_bar",0.72,0.76,0.229,0.242,"small_upper_tail, small_lower_tail",close_above_prior_low,0.00,1:inside_bar;2:lower_low_lower_high;3:lower_low_lower_high;4:lower_low_lower_high;5:higher_high_higher_low
13/5/2026 20:48,4673.51,4673.66,4669.56,4670.70,4.10,4671.61,2.81,0.685,Bear breakout bar,0.15,1.14,0.037,0.278,"almost_no_upper_tail, small_lower_tail",close_below_prior_low,2.07,1:lower_low_lower_high;2:inside_bar;3:lower_low_lower_high;4:lower_low_lower_high;5:lower_low_lower_high
13/5/2026 20:49,4670.71,4673.12,4669.31,4672.63,3.81,4671.22,1.92,0.504,Bull breakout bar,0.49,1.40,0.129,0.367,"small_upper_tail, long_lower_tail",close_below_prior_high,0.00,1:lower_low_lower_high;2:lower_low_lower_high;3:inside_bar;4:lower_low_lower_high;5:lower_low_lower_high
13/5/2026 20:50,4672.64,4674.51,4670.04,4670.34,4.47,4672.28,2.30,0.515,Bear breakout bar,1.87,0.30,0.418,0.067,"long_upper_tail, almost_no_lower_tail",close_above_prior_low,0.00,1:higher_high_higher_low;2:lower_low_lower_high;3:lower_low_lower_high;4:inside_bar;5:lower_low_lower_high
13/5/2026 20:51,4670.29,4675.06,4670.14,4674.18,4.92,4672.60,3.89,0.791,Bull breakout bar,0.88,0.15,0.179,0.030,"small_upper_tail, almost_no_lower_tail",close_below_prior_high,0.00,1:higher_high_higher_low;2:higher_high_higher_low;3:lower_low_lower_high;4:lower_low_lower_high;5:inside_bar
13/5/2026 20:52,4674.15,4677.52,4674.12,4676.82,3.40,4675.82,2.67,0.785,Bull breakout bar,0.70,0.03,0.206,0.009,"small_upper_tail, almost_no_lower_tail",close_above_prior_high,1.76,1:higher_high_higher_low;2:higher_high_higher_low;3:higher_high_higher_low;4:lower_low_lower_high;5:lower_low_lower_high
13/5/2026 20:53,4676.88,4679.46,4675.54,4679.15,3.92,4677.50,2.27,0.579,Bull breakout bar,0.31,1.34,0.079,0.342,"almost_no_upper_tail, long_lower_tail",close_above_prior_high,1.63,1:higher_high_higher_low;2:higher_high_higher_low;3:higher_high_higher_low;4:higher_high_higher_low;5:lower_low_lower_high
13/5/2026 20:54,4679.14,4683.07,4678.39,4683.07,4.68,4680.73,3.93,0.840,Bull breakout bar,0.00,0.75,0.000,0.160,"no_upper_tail, small_lower_tail",close_above_prior_high,3.61,1:higher_high_higher_low;2:higher_high_higher_low;3:higher_high_higher_low;4:higher_high_higher_low;5:higher_high_higher_low
13/5/2026 20:55,4683.11,4683.31,4679.28,4679.75,4.03,4681.30,3.36,0.834,Bear breakout bar,0.20,0.47,0.050,0.117,"almost_no_upper_tail, small_lower_tail",close_above_prior_low,0.00,1:higher_high_higher_low;2:higher_high_higher_low;3:higher_high_higher_low;4:higher_high_higher_low;5:higher_high_higher_low
13/5/2026 20:56,4679.74,4680.03,4677.48,4678.58,2.55,4678.75,1.16,0.455,Bear breakout bar,0.29,1.10,0.114,0.431,"small_upper_tail, long_lower_tail",close_below_prior_low,0.70,1:lower_low_lower_high;2:higher_high_higher_low;3:higher_high_higher_low;4:higher_high_higher_low;5:higher_high_higher_low
13/5/2026 20:57,4678.57,4682.90,4678.24,4682.21,4.66,4680.57,3.64,0.781,Bull breakout bar,0.69,0.33,0.148,0.071,"small_upper_tail, almost_no_lower_tail",close_above_prior_high,2.18,1:higher_high_higher_low;2:lower_low_lower_high;3:higher_high_higher_low;4:higher_high_higher_low;5:higher_high_higher_low
13/5/2026 20:58,4682.24,4682.43,4680.55,4681.06,1.88,4681.49,1.18,0.628,"Bear breakout bar, inside_bar",0.19,0.51,0.101,0.271,"small_upper_tail, small_lower_tail",close_above_prior_low,0.00,1:inside_bar;2:higher_high_higher_low;3:lower_low_lower_high;4:higher_high_higher_low;5:higher_high_higher_low
13/5/2026 20:59,4681.06,4682.03,4679.35,4679.44,2.68,4680.69,1.62,0.604,Bear breakout bar,0.97,0.09,0.362,0.034,"long_upper_tail, almost_no_lower_tail",close_below_prior_low,1.11,1:lower_low_lower_high;2:inside_bar;3:higher_high_higher_low;4:lower_low_lower_high;5:higher_high_higher_low
13/5/2026 21:00,4679.43,4680.57,4674.97,4675.19,5.60,4677.77,4.24,0.757,Bear breakout bar,1.14,0.22,0.204,0.039,"small_upper_tail, almost_no_lower_tail",close_below_prior_low,4.16,1:lower_low_lower_high;2:lower_low_lower_high;3:inside_bar;4:higher_high_higher_low;5:lower_low_lower_high
13/5/2026 21:01,4675.11,4676.01,4672.80,4675.94,3.21,4674.41,0.83,0.259,Bull breakout bar,0.07,2.31,0.022,0.720,"almost_no_upper_tail, long_lower_tail",close_below_prior_high,0.00,1:lower_low_lower_high;2:lower_low_lower_high;3:lower_low_lower_high;4:inside_bar;5:higher_high_higher_low
13/5/2026 21:02,4675.88,4676.90,4674.22,4676.35,2.68,4675.56,0.47,0.175,Bull breakout bar,0.55,1.66,0.205,0.619,"small_upper_tail, long_lower_tail",close_above_prior_high,0.34,1:higher_high_higher_low;2:lower_low_lower_high;3:lower_low_lower_high;4:lower_low_lower_high;5:inside_bar
13/5/2026 21:03,4676.32,4677.16,4675.53,4675.72,1.63,4676.34,0.60,0.368,Bear doji,0.84,0.19,0.515,0.117,"long_upper_tail, small_lower_tail",close_above_prior_low,0.00,1:higher_high_higher_low;2:higher_high_higher_low;3:lower_low_lower_high;4:lower_low_lower_high;5:lower_low_lower_high
13/5/2026 21:04,4675.71,4678.06,4675.22,4676.89,2.84,4676.64,1.18,0.415,"Bull doji, outside_bar",1.17,0.49,0.412,0.173,"long_upper_tail, small_lower_tail",close_below_prior_high,0.00,1:outside_bar;2:higher_high_higher_low;3:higher_high_higher_low;4:lower_low_lower_high;5:lower_low_lower_high
13/5/2026 21:05,4676.88,4679.17,4675.34,4677.70,3.83,4677.26,0.82,0.214,Bull doji,1.47,1.54,0.384,0.402,"long_upper_tail, long_lower_tail",close_below_prior_high,0.00,1:higher_high_higher_low;2:outside_bar;3:higher_high_higher_low;4:higher_high_higher_low;5:lower_low_lower_high
13/5/2026 21:06,4677.69,4678.43,4673.95,4675.43,4.48,4676.19,2.26,0.504,Bear breakout bar,0.74,1.48,0.165,0.330,"small_upper_tail, long_lower_tail",close_above_prior_low,0.00,1:lower_low_lower_high;2:higher_high_higher_low;3:outside_bar;4:higher_high_higher_low;5:higher_high_higher_low
13/5/2026 21:07,4675.40,4680.91,4674.95,4680.70,5.96,4677.93,5.30,0.889,Bull breakout bar,0.21,0.45,0.035,0.076,"almost_no_upper_tail, almost_no_lower_tail",close_above_prior_high,2.27,1:higher_high_higher_low;2:lower_low_lower_high;3:higher_high_higher_low;4:outside_bar;5:higher_high_higher_low
13/5/2026 21:08,4680.69,4680.88,4676.89,4679.93,3.99,4678.89,0.76,0.190,"Bear reversal bar, Bear doji, inside_bar",0.19,3.04,0.048,0.762,"almost_no_upper_tail, long_lower_tail",close_above_prior_low,0.00,1:inside_bar;2:higher_high_higher_low;3:lower_low_lower_high;4:higher_high_higher_low;5:outside_bar
13/5/2026 21:09,4679.94,4679.97,4677.31,4677.67,2.66,4678.64,2.27,0.853,"Bear breakout bar, inside_bar",0.03,0.36,0.011,0.135,"almost_no_upper_tail, small_lower_tail",close_above_prior_low,0.00,1:inside_bar;2:inside_bar;3:higher_high_higher_low;4:lower_low_lower_high;5:higher_high_higher_low
13/5/2026 21:10,4677.68,4680.48,4676.88,4678.90,3.60,4678.68,1.22,0.339,"Bull doji, outside_bar",1.58,0.80,0.439,0.222,"long_upper_tail, small_lower_tail",close_below_prior_high,0.00,1:outside_bar;2:inside_bar;3:inside_bar;4:higher_high_higher_low;5:lower_low_lower_high
13/5/2026 21:11,4678.91,4681.05,4678.21,4679.64,2.84,4679.63,0.73,0.257,Bull doji,1.41,0.70,0.496,0.246,"long_upper_tail, small_lower_tail",close_below_prior_high,0.00,1:higher_high_higher_low;2:outside_bar;3:inside_bar;4:inside_bar;5:higher_high_higher_low
13/5/2026 21:12,4679.66,4682.34,4678.13,4681.34,4.21,4680.24,1.68,0.399,"Bull breakout bar, outside_bar",1.00,1.53,0.238,0.363,"small_upper_tail, long_lower_tail",close_above_prior_high,0.29,1:outside_bar;2:higher_high_higher_low;3:outside_bar;4:inside_bar;5:inside_bar
13/5/2026 21:13,4681.36,4683.30,4679.56,4680.92,3.74,4681.43,0.44,0.118,Bear doji,1.94,1.36,0.519,0.364,"long_upper_tail, long_lower_tail",close_above_prior_low,0.00,1:higher_high_higher_low;2:outside_bar;3:higher_high_higher_low;4:outside_bar;5:inside_bar
13/5/2026 21:14,4680.91,4681.69,4680.04,4681.37,1.65,4680.87,0.46,0.279,"Bull doji, inside_bar",0.32,0.87,0.194,0.527,"small_upper_tail, long_lower_tail",close_below_prior_high,0.00,1:inside_bar;2:higher_high_higher_low;3:outside_bar;4:higher_high_higher_low;5:outside_bar
13/5/2026 21:15,4681.37,4682.37,4680.34,4681.56,2.03,4681.36,0.19,0.094,Bull doji,0.81,1.03,0.399,0.507,"long_upper_tail, long_lower_tail",close_below_prior_high,0.00,1:higher_high_higher_low;2:inside_bar;3:higher_high_higher_low;4:outside_bar;5:higher_high_higher_low
13/5/2026 21:16,4681.54,4682.29,4678.75,4679.77,3.54,4680.52,1.77,0.500,Bear breakout bar,0.75,1.02,0.212,0.288,"small_upper_tail, small_lower_tail",close_below_prior_low,0.57,1:lower_low_lower_high;2:higher_high_higher_low;3:inside_bar;4:higher_high_higher_low;5:outside_bar
13/5/2026 21:17,4679.76,4679.87,4676.50,4677.23,3.37,4678.18,2.53,0.751,Bear breakout bar,0.11,0.73,0.033,0.217,"almost_no_upper_tail, small_lower_tail",close_below_prior_low,1.52,1:lower_low_lower_high;2:lower_low_lower_high;3:higher_high_higher_low;4:inside_bar;5:higher_high_higher_low
13/5/2026 21:18,4677.24,4677.80,4674.50,4675.10,3.30,4676.15,2.14,0.648,Bear breakout bar,0.56,0.60,0.170,0.182,"small_upper_tail, small_lower_tail",close_below_prior_low,1.40,1:lower_low_lower_high;2:lower_low_lower_high;3:lower_low_lower_high;4:higher_high_higher_low;5:inside_bar
13/5/2026 21:19,4675.13,4676.29,4673.48,4674.08,2.81,4674.89,1.05,0.374,Bear breakout bar,1.16,0.60,0.413,0.214,"long_upper_tail, small_lower_tail",close_below_prior_low,0.42,1:lower_low_lower_high;2:lower_low_lower_high;3:lower_low_lower_high;4:lower_low_lower_high;5:higher_high_higher_low
13/5/2026 21:20,4674.07,4676.64,4673.50,4676.18,3.14,4675.07,2.11,0.672,Bull breakout bar,0.46,0.57,0.146,0.182,"small_upper_tail, small_lower_tail",close_below_prior_high,0.00,1:higher_high_higher_low;2:lower_low_lower_high;3:lower_low_lower_high;4:lower_low_lower_high;5:lower_low_lower_high
13/5/2026 21:21,4676.19,4677.63,4675.63,4677.57,2.00,4676.63,1.38,0.690,Bull breakout bar,0.06,0.56,0.030,0.280,"almost_no_upper_tail, small_lower_tail",close_above_prior_high,0.93,1:higher_high_higher_low;2:higher_high_higher_low;3:lower_low_lower_high;4:lower_low_lower_high;5:lower_low_lower_high
13/5/2026 21:22,4677.56,4678.55,4676.74,4677.51,1.81,4677.65,0.05,0.028,Bear doji,0.99,0.77,0.547,0.425,"long_upper_tail, long_lower_tail",close_above_prior_low,0.00,1:higher_high_higher_low;2:higher_high_higher_low;3:higher_high_higher_low;4:lower_low_lower_high;5:lower_low_lower_high
13/5/2026 21:23,4677.50,4678.83,4677.05,4677.53,1.78,4677.94,0.03,0.017,"Bull reversal bar, Bull doji",1.30,0.45,0.730,0.253,"long_upper_tail, small_lower_tail",close_below_prior_high,0.00,1:higher_high_higher_low;2:higher_high_higher_low;3:higher_high_higher_low;4:higher_high_higher_low;5:lower_low_lower_high
13/5/2026 21:24,4677.54,4682.10,4677.54,4681.83,4.56,4679.82,4.29,0.941,Bull breakout bar,0.27,0.00,0.059,0.000,"almost_no_upper_tail, no_lower_tail",close_above_prior_high,3.00,1:higher_high_higher_low;2:higher_high_higher_low;3:higher_high_higher_low;4:higher_high_higher_low;5:higher_high_higher_low
13/5/2026 21:25,4681.82,4685.12,4681.11,4683.48,4.01,4683.12,1.66,0.414,Bull breakout bar,1.64,0.71,0.409,0.177,"long_upper_tail, small_lower_tail",close_above_prior_high,1.38,1:higher_high_higher_low;2:higher_high_higher_low;3:higher_high_higher_low;4:higher_high_higher_low;5:higher_high_higher_low
13/5/2026 21:26,4683.54,4685.64,4683.14,4683.60,2.50,4684.39,0.06,0.024,"Bull reversal bar, Bull doji",2.04,0.40,0.816,0.160,"long_upper_tail, small_lower_tail",close_below_prior_high,0.00,1:higher_high_higher_low;2:higher_high_higher_low;3:higher_high_higher_low;4:higher_high_higher_low;5:higher_high_higher_low
13/5/2026 21:27,4683.60,4684.72,4683.32,4683.71,1.40,4684.02,0.11,0.079,"Bull reversal bar, Bull doji, inside_bar",1.01,0.28,0.721,0.200,"long_upper_tail, small_lower_tail",close_below_prior_high,0.00,1:inside_bar;2:higher_high_higher_low;3:higher_high_higher_low;4:higher_high_higher_low;5:higher_high_higher_low
13/5/2026 21:28,4683.70,4684.83,4683.07,4683.95,1.76,4683.95,0.25,0.142,"Bull reversal bar, Bull doji, outside_bar",0.88,0.63,0.500,0.358,"long_upper_tail, long_lower_tail",close_below_prior_high,0.00,1:outside_bar;2:inside_bar;3:higher_high_higher_low;4:higher_high_higher_low;5:higher_high_higher_low
13/5/2026 21:29,4683.96,4685.49,4683.35,4684.38,2.14,4684.42,0.42,0.196,"Bull reversal bar, Bull doji",1.11,0.61,0.519,0.285,"long_upper_tail, small_lower_tail",close_below_prior_high,0.00,1:higher_high_higher_low;2:outside_bar;3:inside_bar;4:higher_high_higher_low;5:higher_high_higher_low
13/5/2026 21:30,4684.37,4684.61,4683.06,4683.85,1.55,4683.84,0.52,0.335,"Bear reversal bar, Bear doji",0.24,0.79,0.155,0.510,"small_upper_tail, long_lower_tail",close_above_prior_low,0.00,1:lower_low_lower_high;2:higher_high_higher_low;3:outside_bar;4:inside_bar;5:higher_high_higher_low
13/5/2026 21:31,4683.84,4689.51,4683.74,4688.55,5.77,4686.63,4.71,0.816,Bull breakout bar,0.96,0.10,0.166,0.017,"small_upper_tail, almost_no_lower_tail",close_above_prior_high,3.94,1:higher_high_higher_low;2:lower_low_lower_high;3:higher_high_higher_low;4:outside_bar;5:inside_bar
13/5/2026 21:32,4688.40,4689.48,4687.33,4688.48,2.15,4688.41,0.08,0.037,"Bull doji, inside_bar",1.00,1.07,0.465,0.498,"long_upper_tail, long_lower_tail",close_below_prior_high,0.00,1:inside_bar;2:higher_high_higher_low;3:lower_low_lower_high;4:higher_high_higher_low;5:outside_bar
13/5/2026 21:33,4688.45,4689.45,4686.98,4687.70,2.47,4688.22,0.75,0.304,Bear doji,1.00,0.72,0.405,0.291,"long_upper_tail, small_lower_tail",close_above_prior_low,0.00,1:lower_low_lower_high;2:inside_bar;3:higher_high_higher_low;4:lower_low_lower_high;5:higher_high_higher_low
13/5/2026 21:34,4687.69,4690.61,4687.57,4690.12,3.04,4689.09,2.43,0.799,Bull breakout bar,0.49,0.12,0.161,0.039,"small_upper_tail, almost_no_lower_tail",close_above_prior_high,0.67,1:higher_high_higher_low;2:lower_low_lower_high;3:inside_bar;4:higher_high_higher_low;5:lower_low_lower_high
13/5/2026 21:35,4690.12,4690.64,4687.57,4689.59,3.07,4689.11,0.53,0.173,"Bear reversal bar, Bear doji",0.52,2.02,0.169,0.658,"small_upper_tail, long_lower_tail",close_above_prior_low,0.00,1:higher_high_only;2:higher_high_higher_low;3:lower_low_lower_high;4:inside_bar;5:higher_high_higher_low
13/5/2026 21:36,4689.76,4691.16,4687.07,4687.32,4.09,4689.12,2.44,0.597,"Bear breakout bar, outside_bar",1.40,0.25,0.342,0.061,"long_upper_tail, almost_no_lower_tail",close_below_prior_low,0.25,1:outside_bar;2:higher_high_only;3:higher_high_higher_low;4:lower_low_lower_high;5:inside_bar
13/5/2026 21:37,4687.35,4687.68,4685.85,4686.28,1.83,4686.77,1.07,0.585,Bear breakout bar,0.33,0.43,0.180,0.235,"small_upper_tail, small_lower_tail",close_below_prior_low,0.79,1:lower_low_lower_high;2:outside_bar;3:higher_high_only;4:higher_high_higher_low;5:lower_low_lower_high
13/5/2026 21:38,4686.29,4686.78,4684.95,4686.32,1.83,4685.87,0.03,0.016,Bull doji,0.46,1.34,0.251,0.732,"small_upper_tail, long_lower_tail",close_below_prior_high,0.00,1:lower_low_lower_high;2:lower_low_lower_high;3:outside_bar;4:higher_high_only;5:higher_high_higher_low
13/5/2026 21:39,4686.30,4686.83,4684.99,4686.52,1.84,4685.91,0.22,0.120,Bull doji,0.31,1.31,0.168,0.712,"small_upper_tail, long_lower_tail",close_below_prior_high,0.00,1:higher_high_higher_low;2:lower_low_lower_high;3:lower_low_lower_high;4:outside_bar;5:higher_high_only
13/5/2026 21:40,4686.52,4687.87,4685.19,4687.54,2.68,4686.53,1.02,0.381,Bull breakout bar,0.33,1.33,0.123,0.496,"small_upper_tail, long_lower_tail",close_above_prior_high,0.71,1:higher_high_higher_low;2:higher_high_higher_low;3:lower_low_lower_high;4:lower_low_lower_high;5:outside_bar
13/5/2026 21:41,4687.59,4688.64,4685.56,4685.96,3.08,4687.10,1.63,0.529,Bear breakout bar,1.05,0.40,0.341,0.130,"long_upper_tail, small_lower_tail",close_above_prior_low,0.00,1:higher_high_higher_low;2:higher_high_higher_low;3:higher_high_higher_low;4:lower_low_lower_high;5:lower_low_lower_high
13/5/2026 21:42,4686.02,4687.97,4685.85,4687.57,2.12,4686.91,1.55,0.731,"Bull breakout bar, inside_bar",0.40,0.17,0.189,0.080,"small_upper_tail, almost_no_lower_tail",close_below_prior_high,0.00,1:inside_bar;2:higher_high_higher_low;3:higher_high_higher_low;4:higher_high_higher_low;5:lower_low_lower_high
13/5/2026 21:43,4687.56,4688.05,4685.91,4686.30,2.14,4686.98,1.26,0.589,Bear breakout bar,0.49,0.39,0.229,0.182,"small_upper_tail, small_lower_tail",close_above_prior_low,0.00,1:higher_high_higher_low;2:inside_bar;3:higher_high_higher_low;4:higher_high_higher_low;5:higher_high_higher_low
13/5/2026 21:44,4686.31,4687.24,4683.50,4683.76,3.74,4685.37,2.55,0.682,Bear breakout bar,0.93,0.26,0.249,0.070,"small_upper_tail, almost_no_lower_tail",close_below_prior_low,2.15,1:lower_low_lower_high;2:higher_high_higher_low;3:inside_bar;4:higher_high_higher_low;5:higher_high_higher_low
13/5/2026 21:45,4683.78,4685.16,4677.06,4679.88,8.10,4681.11,3.90,0.481,Bear breakout bar,1.38,2.82,0.170,0.348,"small_upper_tail, long_lower_tail",close_below_prior_low,3.62,1:lower_low_lower_high;2:lower_low_lower_high;3:higher_high_higher_low;4:inside_bar;5:higher_high_higher_low
13/5/2026 21:46,4679.87,4680.99,4678.37,4679.06,2.62,4679.68,0.81,0.309,"Bear doji, inside_bar",1.12,0.69,0.427,0.263,"long_upper_tail, small_lower_tail",close_above_prior_low,0.00,1:inside_bar;2:lower_low_lower_high;3:lower_low_lower_high;4:higher_high_higher_low;5:inside_bar
13/5/2026 21:47,4679.08,4684.03,4678.32,4683.92,5.71,4681.17,4.84,0.848,"Bull breakout bar, outside_bar",0.11,0.76,0.019,0.133,"almost_no_upper_tail, small_lower_tail",close_above_prior_high,2.93,1:outside_bar;2:inside_bar;3:lower_low_lower_high;4:lower_low_lower_high;5:higher_high_higher_low
13/5/2026 21:48,4683.90,4684.79,4680.58,4680.93,4.21,4682.68,2.97,0.705,Bear breakout bar,0.89,0.35,0.211,0.083,"small_upper_tail, almost_no_lower_tail",close_above_prior_low,0.00,1:higher_high_higher_low;2:outside_bar;3:inside_bar;4:lower_low_lower_high;5:lower_low_lower_high
13/5/2026 21:49,4680.91,4681.91,4679.72,4681.75,2.19,4680.82,0.84,0.384,Bull breakout bar,0.16,1.19,0.073,0.543,"almost_no_upper_tail, long_lower_tail",close_below_prior_high,0.00,1:lower_low_lower_high;2:higher_high_higher_low;3:outside_bar;4:inside_bar;5:lower_low_lower_high
13/5/2026 21:50,4681.73,4682.53,4679.21,4679.81,3.32,4680.87,1.92,0.578,"Bear breakout bar, outside_bar",0.80,0.60,0.241,0.181,"small_upper_tail, small_lower_tail",close_above_prior_low,0.00,1:outside_bar;2:lower_low_lower_high;3:higher_high_higher_low;4:outside_bar;5:inside_bar
13/5/2026 21:51,4679.81,4680.31,4678.25,4679.83,2.06,4679.28,0.02,0.010,Bull doji,0.48,1.56,0.233,0.757,"small_upper_tail, long_lower_tail",close_below_prior_high,0.00,1:lower_low_lower_high;2:outside_bar;3:lower_low_lower_high;4:higher_high_higher_low;5:outside_bar
13/5/2026 21:52,4679.84,4681.05,4679.71,4680.25,1.34,4680.38,0.41,0.306,"Bull reversal bar, Bull doji",0.80,0.13,0.597,0.097,"long_upper_tail, almost_no_lower_tail",close_below_prior_high,0.00,1:higher_high_higher_low;2:lower_low_lower_high;3:outside_bar;4:lower_low_lower_high;5:higher_high_higher_low
13/5/2026 21:53,4680.27,4682.11,4680.27,4681.41,1.84,4681.19,1.14,0.620,Bull breakout bar,0.70,0.00,0.380,0.000,"long_upper_tail, no_lower_tail",close_above_prior_high,0.36,1:higher_high_higher_low;2:higher_high_higher_low;3:lower_low_lower_high;4:outside_bar;5:lower_low_lower_high
13/5/2026 21:54,4681.42,4681.57,4680.39,4681.16,1.18,4680.98,0.26,0.220,"Bear reversal bar, Bear doji, inside_bar",0.15,0.77,0.127,0.653,"small_upper_tail, long_lower_tail",close_above_prior_low,0.00,1:inside_bar;2:higher_high_higher_low;3:higher_high_higher_low;4:lower_low_lower_high;5:outside_bar
13/5/2026 21:55,4681.16,4681.76,4678.90,4681.38,2.86,4680.33,0.22,0.077,"Bull doji, outside_bar",0.38,2.26,0.133,0.790,"small_upper_tail, long_lower_tail",close_below_prior_high,0.00,1:outside_bar;2:inside_bar;3:higher_high_higher_low;4:higher_high_higher_low;5:lower_low_lower_high
13/5/2026 21:56,4681.39,4681.56,4680.17,4680.96,1.39,4680.87,0.43,0.309,"Bear reversal bar, Bear doji, inside_bar",0.17,0.79,0.122,0.568,"small_upper_tail, long_lower_tail",close_above_prior_low,0.00,1:inside_bar;2:outside_bar;3:inside_bar;4:higher_high_higher_low;5:higher_high_higher_low
13/5/2026 21:57,4680.95,4683.47,4680.30,4681.74,3.17,4681.89,0.79,0.249,"Bull reversal bar, Bull doji",1.73,0.65,0.546,0.205,"long_upper_tail, small_lower_tail",close_above_prior_high,0.18,1:higher_high_higher_low;2:inside_bar;3:outside_bar;4:inside_bar;5:higher_high_higher_low
13/5/2026 21:58,4681.78,4682.42,4679.53,4680.40,2.89,4680.98,1.38,0.478,Bear doji,0.64,0.87,0.221,0.301,"small_upper_tail, long_lower_tail",close_above_prior_low,0.00,1:lower_low_lower_high;2:higher_high_higher_low;3:inside_bar;4:outside_bar;5:inside_bar
13/5/2026 21:59,4680.42,4680.77,4679.51,4679.86,1.26,4680.14,0.56,0.444,Bear doji,0.35,0.35,0.278,0.278,"small_upper_tail, small_lower_tail",close_above_prior_low,0.00,1:lower_low_lower_high;2:lower_low_lower_high;3:higher_high_higher_low;4:inside_bar;5:outside_bar
13/5/2026 22:00,4679.92,4681.33,4678.76,4680.74,2.57,4680.05,0.82,0.319,"Bull doji, outside_bar",0.59,1.16,0.230,0.451,"small_upper_tail, long_lower_tail",close_below_prior_high,0.00,1:outside_bar;2:lower_low_lower_high;3:lower_low_lower_high;4:higher_high_higher_low;5:inside_bar
13/5/2026 22:01,4680.75,4683.29,4680.05,4682.32,3.24,4681.67,1.57,0.485,Bull breakout bar,0.97,0.70,0.299,0.216,"small_upper_tail, small_lower_tail",close_above_prior_high,0.99,1:higher_high_higher_low;2:outside_bar;3:lower_low_lower_high;4:lower_low_lower_high;5:higher_high_higher_low
13/5/2026 22:02,4682.31,4685.76,4681.96,4685.40,3.80,4683.86,3.09,0.813,Bull breakout bar,0.36,0.35,0.095,0.092,"almost_no_upper_tail, almost_no_lower_tail",close_above_prior_high,2.11,1:higher_high_higher_low;2:higher_high_higher_low;3:outside_bar;4:lower_low_lower_high;5:lower_low_lower_high
13/5/2026 22:03,4685.44,4686.16,4684.50,4684.88,1.66,4685.33,0.56,0.337,Bear doji,0.72,0.38,0.434,0.229,"long_upper_tail, small_lower_tail",close_above_prior_low,0.00,1:higher_high_higher_low;2:higher_high_higher_low;3:higher_high_higher_low;4:outside_bar;5:lower_low_lower_high
13/5/2026 22:04,4684.89,4685.24,4683.32,4684.41,1.92,4684.28,0.48,0.250,"Bear reversal bar, Bear doji",0.35,1.09,0.182,0.568,"small_upper_tail, long_lower_tail",close_below_prior_low,0.09,1:lower_low_lower_high;2:higher_high_higher_low;3:higher_high_higher_low;4:higher_high_higher_low;5:outside_bar
13/5/2026 22:05,4684.33,4684.48,4681.82,4682.18,2.66,4683.15,2.15,0.808,Bear breakout bar,0.15,0.36,0.056,0.135,"almost_no_upper_tail, small_lower_tail",close_below_prior_low,1.14,1:lower_low_lower_high;2:lower_low_lower_high;3:higher_high_higher_low;4:higher_high_higher_low;5:higher_high_higher_low
13/5/2026 22:06,4682.19,4685.81,4682.18,4684.89,3.63,4684.00,2.70,0.744,Bull breakout bar,0.92,0.01,0.253,0.003,"small_upper_tail, almost_no_lower_tail",close_above_prior_high,0.41,1:higher_high_higher_low;2:lower_low_lower_high;3:lower_low_lower_high;4:higher_high_higher_low;5:higher_high_higher_low
13/5/2026 22:07,4684.90,4687.08,4684.58,4685.71,2.50,4685.83,0.81,0.324,"Bull reversal bar, Bull doji",1.37,0.32,0.548,0.128,"long_upper_tail, small_lower_tail",close_below_prior_high,0.00,1:higher_high_higher_low;2:higher_high_higher_low;3:lower_low_lower_high;4:lower_low_lower_high;5:higher_high_higher_low
13/5/2026 22:08,4685.72,4687.84,4685.68,4687.81,2.16,4686.76,2.09,0.968,Bull breakout bar,0.03,0.04,0.014,0.019,"almost_no_upper_tail, almost_no_lower_tail",close_above_prior_high,0.73,1:higher_high_higher_low;2:higher_high_higher_low;3:higher_high_higher_low;4:lower_low_lower_high;5:lower_low_lower_high
13/5/2026 22:09,4687.82,4688.84,4686.78,4688.36,2.06,4687.81,0.54,0.262,Bull breakout bar,0.48,1.04,0.233,0.505,"small_upper_tail, long_lower_tail",close_above_prior_high,0.52,1:higher_high_higher_low;2:higher_high_higher_low;3:higher_high_higher_low;4:higher_high_higher_low;5:lower_low_lower_high
13/5/2026 22:10,4688.37,4691.02,4688.06,4689.20,2.96,4689.54,0.83,0.280,"Bull reversal bar, Bull doji",1.82,0.31,0.615,0.105,"long_upper_tail, small_lower_tail",close_above_prior_high,0.36,1:higher_high_higher_low;2:higher_high_higher_low;3:higher_high_higher_low;4:higher_high_higher_low;5:higher_high_higher_low
13/5/2026 22:11,4689.19,4689.27,4686.04,4686.53,3.23,4687.66,2.66,0.824,Bear breakout bar,0.08,0.49,0.025,0.152,"almost_no_upper_tail, small_lower_tail",close_below_prior_low,1.53,1:lower_low_lower_high;2:higher_high_higher_low;3:higher_high_higher_low;4:higher_high_higher_low;5:higher_high_higher_low
13/5/2026 22:12,4686.56,4688.78,4686.53,4687.16,2.25,4687.66,0.60,0.267,"Bull reversal bar, Bull doji, inside_bar",1.62,0.03,0.720,0.013,"long_upper_tail, almost_no_lower_tail",close_below_prior_high,0.00,1:inside_bar;2:lower_low_lower_high;3:higher_high_higher_low;4:higher_high_higher_low;5:higher_high_higher_low
13/5/2026 22:13,4687.19,4689.24,4686.33,4688.84,2.91,4687.79,1.65,0.567,"Bull breakout bar, outside_bar",0.40,0.86,0.137,0.296,"small_upper_tail, small_lower_tail",close_above_prior_high,0.06,1:outside_bar;2:inside_bar;3:lower_low_lower_high;4:higher_high_higher_low;5:higher_high_higher_low
13/5/2026 22:14,4688.83,4688.88,4687.08,4687.51,1.80,4687.98,1.32,0.733,"Bear breakout bar, inside_bar",0.05,0.43,0.028,0.239,"almost_no_upper_tail, small_lower_tail",close_above_prior_low,0.00,1:inside_bar;2:outside_bar;3:inside_bar;4:lower_low_lower_high;5:higher_high_higher_low
13/5/2026 22:15,4687.52,4688.06,4686.45,4687.71,1.61,4687.26,0.19,0.118,Bull doji,0.35,1.07,0.217,0.665,"small_upper_tail, long_lower_tail",close_below_prior_high,0.00,1:lower_low_lower_high;2:inside_bar;3:outside_bar;4:inside_bar;5:lower_low_lower_high
13/5/2026 22:16,4687.73,4687.84,4685.43,4686.31,2.41,4686.64,1.42,0.589,Bear breakout bar,0.11,0.88,0.046,0.365,"almost_no_upper_tail, long_lower_tail",close_below_prior_low,0.14,1:lower_low_lower_high;2:lower_low_lower_high;3:inside_bar;4:outside_bar;5:inside_bar
13/5/2026 22:17,4686.30,4687.39,4685.59,4686.49,1.80,4686.49,0.19,0.106,"Bull reversal bar, Bull doji, inside_bar",0.90,0.71,0.500,0.394,"long_upper_tail, long_lower_tail",close_below_prior_high,0.00,1:inside_bar;2:lower_low_lower_high;3:lower_low_lower_high;4:inside_bar;5:outside_bar
13/5/2026 22:18,4686.54,4686.82,4685.47,4686.06,1.35,4686.15,0.48,0.356,Bear doji,0.28,0.59,0.207,0.437,"small_upper_tail, long_lower_tail",close_above_prior_low,0.00,1:lower_low_lower_high;2:inside_bar;3:lower_low_lower_high;4:lower_low_lower_high;5:inside_bar
13/5/2026 22:19,4686.06,4687.52,4685.76,4687.06,1.76,4686.64,1.00,0.568,Bull breakout bar,0.46,0.30,0.261,0.170,"small_upper_tail, small_lower_tail",close_above_prior_high,0.24,1:higher_high_higher_low;2:lower_low_lower_high;3:inside_bar;4:lower_low_lower_high;5:lower_low_lower_high
13/5/2026 22:20,4687.10,4687.95,4684.95,4686.27,3.00,4686.45,0.83,0.277,"Bear doji, outside_bar",0.85,1.32,0.283,0.440,"small_upper_tail, long_lower_tail",close_above_prior_low,0.00,1:outside_bar;2:higher_high_higher_low;3:lower_low_lower_high;4:inside_bar;5:lower_low_lower_high
13/5/2026 22:21,4686.33,4686.90,4685.66,4686.84,1.24,4686.28,0.51,0.411,"Bull breakout bar, inside_bar",0.06,0.67,0.048,0.540,"almost_no_upper_tail, long_lower_tail",close_below_prior_high,0.00,1:inside_bar;2:outside_bar;3:higher_high_higher_low;4:lower_low_lower_high;5:inside_bar
13/5/2026 22:22,4686.82,4688.77,4686.03,4688.48,2.74,4687.40,1.66,0.606,Bull breakout bar,0.29,0.79,0.106,0.288,"small_upper_tail, small_lower_tail",close_above_prior_high,1.58,1:higher_high_higher_low;2:inside_bar;3:outside_bar;4:higher_high_higher_low;5:lower_low_lower_high
13/5/2026 22:23,4688.47,4690.15,4688.11,4689.74,2.04,4689.13,1.27,0.623,Bull breakout bar,0.41,0.36,0.201,0.176,"small_upper_tail, small_lower_tail",close_above_prior_high,0.97,1:higher_high_higher_low;2:higher_high_higher_low;3:inside_bar;4:outside_bar;5:higher_high_higher_low
13/5/2026 22:24,4689.75,4690.14,4687.91,4687.99,2.23,4689.03,1.76,0.789,Bear breakout bar,0.39,0.08,0.175,0.036,"small_upper_tail, almost_no_lower_tail",close_below_prior_low,0.12,1:lower_low_lower_high;2:higher_high_higher_low;3:higher_high_higher_low;4:inside_bar;5:outside_bar
13/5/2026 22:25,4687.95,4688.75,4687.43,4687.98,1.32,4688.09,0.03,0.023,"Bull reversal bar, Bull doji",0.77,0.52,0.583,0.394,"long_upper_tail, long_lower_tail",close_below_prior_high,0.00,1:lower_low_lower_high;2:lower_low_lower_high;3:higher_high_higher_low;4:higher_high_higher_low;5:inside_bar
13/5/2026 22:26,4687.99,4690.45,4687.88,4689.80,2.57,4689.17,1.81,0.704,Bull breakout bar,0.65,0.11,0.253,0.043,"small_upper_tail, almost_no_lower_tail",close_above_prior_high,1.05,1:higher_high_higher_low;2:lower_low_lower_high;3:lower_low_lower_high;4:higher_high_higher_low;5:higher_high_higher_low
13/5/2026 22:27,4689.82,4690.11,4687.80,4689.77,2.31,4688.96,0.05,0.022,"Bear reversal bar, Bear doji",0.29,1.97,0.126,0.853,"small_upper_tail, long_lower_tail",close_above_prior_low,0.00,1:lower_low_lower_high;2:higher_high_higher_low;3:lower_low_lower_high;4:lower_low_lower_high;5:higher_high_higher_low
13/5/2026 22:28,4689.75,4691.33,4689.06,4690.09,2.27,4690.20,0.34,0.150,"Bull reversal bar, Bull doji",1.24,0.69,0.546,0.304,"long_upper_tail, long_lower_tail",close_below_prior_high,0.00,1:higher_high_higher_low;2:lower_low_lower_high;3:higher_high_higher_low;4:lower_low_lower_high;5:lower_low_lower_high
13/5/2026 22:29,4690.10,4692.05,4690.04,4691.16,2.01,4691.05,1.06,0.527,Bull breakout bar,0.89,0.06,0.443,0.030,"long_upper_tail, almost_no_lower_tail",close_below_prior_high,0.00,1:higher_high_higher_low;2:higher_high_higher_low;3:lower_low_lower_high;4:higher_high_higher_low;5:lower_low_lower_high
13/5/2026 22:30,4691.15,4691.36,4686.66,4689.08,4.70,4689.01,2.07,0.440,"Bear reversal bar, Bear doji",0.21,2.42,0.045,0.515,"almost_no_upper_tail, long_lower_tail",close_below_prior_low,0.96,1:lower_low_lower_high;2:higher_high_higher_low;3:higher_high_higher_low;4:lower_low_lower_high;5:higher_high_higher_low
13/5/2026 22:31,4689.10,4692.05,4689.10,4690.84,2.95,4690.58,1.74,0.590,Bull breakout bar,1.21,0.00,0.410,0.000,"long_upper_tail, no_lower_tail",close_below_prior_high,0.00,1:higher_high_higher_low;2:lower_low_lower_high;3:higher_high_higher_low;4:higher_high_higher_low;5:lower_low_lower_high
13/5/2026 22:32,4690.85,4692.06,4689.39,4690.49,2.67,4690.73,0.36,0.135,Bear doji,1.21,1.10,0.453,0.412,"long_upper_tail, long_lower_tail",close_above_prior_low,0.00,1:higher_high_higher_low;2:higher_high_higher_low;3:lower_low_lower_high;4:higher_high_higher_low;5:higher_high_higher_low
13/5/2026 22:33,4690.50,4693.71,4690.40,4693.00,3.31,4692.06,2.50,0.755,Bull breakout bar,0.71,0.10,0.215,0.030,"small_upper_tail, almost_no_lower_tail",close_above_prior_high,0.94,1:higher_high_higher_low;2:higher_high_higher_low;3:higher_high_higher_low;4:lower_low_lower_high;5:higher_high_higher_low
13/5/2026 22:34,4693.03,4695.80,4692.78,4695.53,3.02,4694.29,2.50,0.828,Bull breakout bar,0.27,0.25,0.089,0.083,"almost_no_upper_tail, almost_no_lower_tail",close_above_prior_high,1.82,1:higher_high_higher_low;2:higher_high_higher_low;3:higher_high_higher_low;4:higher_high_higher_low;5:lower_low_lower_high
13/5/2026 22:35,4695.51,4696.33,4694.48,4695.61,1.85,4695.41,0.10,0.054,Bull doji,0.72,1.03,0.389,0.557,"long_upper_tail, long_lower_tail",close_below_prior_high,0.00,1:higher_high_higher_low;2:higher_high_higher_low;3:higher_high_higher_low;4:higher_high_higher_low;5:higher_high_higher_low
13/5/2026 22:36,4695.59,4697.26,4695.40,4696.31,1.86,4696.33,0.72,0.387,"Bull reversal bar, Bull doji",0.95,0.19,0.511,0.102,"long_upper_tail, small_lower_tail",close_below_prior_high,0.00,1:higher_high_higher_low;2:higher_high_higher_low;3:higher_high_higher_low;4:higher_high_higher_low;5:higher_high_higher_low
13/5/2026 22:37,4696.32,4698.52,4696.32,4698.20,2.20,4697.42,1.88,0.855,Bull breakout bar,0.32,0.00,0.145,0.000,"small_upper_tail, no_lower_tail",close_above_prior_high,0.94,1:higher_high_higher_low;2:higher_high_higher_low;3:higher_high_higher_low;4:higher_high_higher_low;5:higher_high_higher_low
13/5/2026 22:38,4698.18,4699.21,4697.35,4697.66,1.86,4698.28,0.52,0.280,Bear doji,1.03,0.31,0.554,0.167,"long_upper_tail, small_lower_tail",close_above_prior_low,0.00,1:higher_high_higher_low;2:higher_high_higher_low;3:higher_high_higher_low;4:higher_high_higher_low;5:higher_high_higher_low
13/5/2026 22:39,4697.67,4698.96,4697.06,4698.79,1.90,4698.01,1.12,0.589,Bull breakout bar,0.17,0.61,0.089,0.321,"almost_no_upper_tail, long_lower_tail",close_below_prior_high,0.00,1:lower_low_lower_high;2:higher_high_higher_low;3:higher_high_higher_low;4:higher_high_higher_low;5:higher_high_higher_low
13/5/2026 22:40,4698.96,4699.84,4697.62,4697.80,2.22,4698.73,1.16,0.523,Bear breakout bar,0.88,0.18,0.396,0.081,"long_upper_tail, almost_no_lower_tail",close_above_prior_low,0.00,1:higher_high_higher_low;2:lower_low_lower_high;3:higher_high_higher_low;4:higher_high_higher_low;5:higher_high_higher_low
